,userId,movieId,rating,timestamp
0,1,2,3.5,1112486027
1,1,29,3.5,1112484676
2,1,32,3.5,1112484819
3,1,47,3.5,1112484727
4,1,50,3.5,1112484580
5,1,112,3.5,1094785740
6,1,151,4.0,1094785734
7,1,223,4.0,1112485573
8,1,253,4.0,1112484940
9,1,260,4.0,1112484826
10,1,293,4.0,1112484703
11,1,296,4.0,1112484767
12,1,318,4.0,1112484798
13,1,337,3.5,1094785709
14,1,367,3.5,1112485980
15,1,541,4.0,1112484603
16,1,589,3.5,1112485557
17,1,593,3.5,1112484661
18,1,653,3.0,1094785691
19,1,919,3.5,1094785621
20,1,924,3.5,1094785598
21,1,1009,3.5,1112486013
175,2,3,4.0,974820889
176,2,62,5.0,974820598
177,2,70,5.0,974820691
178,2,110,4.0,974820658
179,2,242,3.0,974820776
180,2,260,5.0,974821014
181,2,266,5.0,974820748
182,2,469,3.0,974820598
183,2,480,5.0,974820720
184,2,541,5.0,974821014
185,2,589,5.0,974820658
186,2,891,2.0,974820969
187,2,908,4.0,974820691
188,2,924,5.0,974821014
236,3,1,4.0,944919407
237,3,24,3.0,945176048
238,3,32,4.0,944918047
239,3,50,5.0,944918018
240,3,160,3.0,945176048
241,3,173,2.0,945176099
242,3,175,5.0,944919133
243,3,196,3.0,945175939
244,3,223,5.0,944918444
245,3,260,5.0,944917742
246,3,316,5.0,945175870
247,3,318,5.0,944917766
248,3,329,5.0,945176021
249,3,337,3.0,944919366
250,3,440,3.0,944918500
251,3,442,3.0,945176005
252,3,457,5.0,944918215
253,3,480,5.0,945175820
254,3,490,5.0,944919041
255,3,512,2.0,945176005
256,3,541,5.0,944918047
257,3,589,4.0,944897108
258,3,593,5.0,944918215
259,3,610,4.0,944919671
260,3,718,3.0,944917267
261,3,780,3.0,945175820
262,3,788,4.0,945175750
263,3,858,5.0,944917267
264,3,904,5.0,944917450
265,3,905,3.0,944917494
266,3,919,4.0,944917558
267,3,924,5.0,944917812
268,3,953,5.0,944917912
269,3,968,3.0,945175658
423,4,6,3.0,840879227
424,4,10,4.0,840878922
425,4,19,3.0,840878994
426,4,32,1.0,840879061
427,4,165,3.0,840878852
428,4,329,3.0,840878898
429,4,350,4.0,840879087
430,4,356,4.0,840878922
431,4,367,3.0,840878994
432,4,368,4.0,840879198
433,4,370,4.0,840879243
434,4,377,4.0,840878994
435,4,380,3.0,840878825
436,4,420,3.0,840879019
437,4,431,4.0,840879357
438,4,440,3.0,840879087
439,4,454,5.0,840878944
440,4,480,4.0,840878944
441,4,489,4.0,840879575
442,4,519,3.0,840879523
443,4,520,4.0,840879282
444,4,531,3.0,840879457
445,4,548,3.0,840879654
446,4,586,4.0,840879038
447,4,589,4.0,840878962
448,4,594,4.0,840879265
449,4,596,4.0,840879424
450,4,733,5.0,840879322
451,5,2,3.0,851527569
452,5,11,5.0,851527751
453,5,17,3.0,851526935
454,5,60,3.0,851617589
455,5,62,5.0,851526935
456,5,104,2.0,851526992
457,5,110,4.0,851527569
458,5,140,2.0,851527012
459,5,141,5.0,851526935
460,5,150,5.0,851527514
461,5,224,2.0,851527650
462,5,235,3.0,851527723
463,5,260,5.0,851527608
464,5,282,4.0,851527569
465,5,316,4.0,851617633
466,5,318,5.0,851527608
467,5,350,4.0,851527688
468,5,364,5.0,851527569
469,5,367,3.0,851527650
470,5,368,5.0,851527650
471,5,370,4.0,851527608
472,5,376,4.0,851617474
473,5,377,5.0,851527723
474,5,380,5.0,851527515
475,5,440,5.0,851527569
476,5,454,5.0,851527723
477,5,457,5.0,851527515
478,5,475,4.0,851527650
479,5,480,4.0,851527515
480,5,491,4.0,851527607
481,5,500,5.0,851527569
482,5,508,5.0,851527688
483,5,515,3.0,851527751
484,5,529,4.0,851527650
485,5,531,5.0,851527751
486,5,587,4.0,851527608
487,5,588,5.0,851527688
488,5,589,5.0,851527569
489,5,590,5.0,851527514
490,5,593,3.0,851527515
491,5,594,5.0,851617589
492,5,595,5.0,851527515
493,5,608,3.0,851526961
494,5,631,3.0,851527056
495,5,648,3.0,851526935
496,5,671,5.0,851527056
497,5,708,3.0,851526991
498,5,720,5.0,851527650
499,5,736,5.0,851526935
500,5,780,5.0,851526935
501,5,788,3.0,851526992
502,5,832,5.0,851527074
517,6,1,5.0,858275452
518,6,3,3.0,858275558
519,6,7,5.0,858275558
520,6,17,5.0,858275452
521,6,52,5.0,858275658
522,6,62,5.0,858275452
523,6,135,3.0,858275783
524,6,140,4.0,858275917
525,6,141,5.0,858275452
526,6,260,4.0,858275658
527,6,494,4.0,858275558
528,6,628,4.0,858275783
529,6,648,5.0,858275452
530,6,653,4.0,858275658
531,6,708,4.0,858275658
532,6,719,3.0,858275917
533,6,733,3.0,858275558
534,6,736,2.0,858275452
535,6,743,3.0,858275917
536,6,762,3.0,858275782
537,6,780,3.0,858275452
538,6,788,4.0,858275658
539,6,802,3.0,858275783
541,7,3,3.0,1011208463
542,7,7,3.0,1011208220
543,7,11,4.0,1011207889
544,7,15,2.0,1011208732
545,7,16,3.0,1011205378
546,7,17,2.0,1011207676
547,7,24,3.0,1011207238
548,7,105,2.0,1011208366
549,7,122,2.0,1011208569
550,7,151,3.0,1011207965
551,7,252,2.0,1011208263
552,7,260,5.0,1011206659
553,7,271,3.0,1011206217
554,7,276,2.0,1011208655
555,7,316,3.0,1011207019
556,7,339,3.0,1011208090
557,7,348,4.0,1011206046
558,7,351,3.0,1011208637
559,7,355,3.0,1011205262
560,7,356,4.0,1011207775
561,7,357,3.0,1011208038
562,7,362,3.0,1011208344
563,7,364,4.0,1011204536
564,7,377,3.0,1011207889
565,7,425,3.0,1011208463
566,7,440,4.0,1011207860
567,7,480,5.0,1011206779
568,7,509,2.0,1011206595
569,7,539,4.0,1011208000
570,7,553,4.0,1011205651
571,7,587,5.0,1011208220
572,7,589,5.0,1011206456
573,7,590,4.0,1011205480
574,7,597,4.0,1011207938
575,7,674,2.0,1011207238
576,7,708,3.0,1011208066
577,7,736,3.0,1011208161
578,7,750,5.0,1011206659
579,7,780,4.0,1011206898
580,7,788,3.0,1011208527
581,7,806,1.0,1011206295
582,7,852,3.0,1011207889
583,7,880,3.0,1011207270
584,7,899,4.0,1011207810
585,7,908,4.0,1011204510
586,7,912,5.0,1011204596
587,7,914,3.0,1011207916
588,7,920,4.0,1011207700
589,7,922,3.0,1011207570
590,7,924,3.0,1011206698
591,7,928,3.0,1011207775
592,7,932,3.0,1011207830
593,7,952,3.0,1011206498
594,7,1017,4.0,1011205481
817,8,1,4.0,833981871
818,8,3,5.0,833981733
819,8,6,3.0,833982631
820,8,10,4.0,833981834
821,8,19,1.0,833981918
822,8,21,4.0,833981710
823,8,39,3.0,833981963
824,8,47,5.0,833981896
825,8,48,4.0,833982197
826,8,110,5.0,833981870
827,8,150,4.0,833973081
828,8,153,3.0,833973175
829,8,161,4.0,833981804
830,8,165,3.0,833973175
831,8,168,3.0,833982178
832,8,172,1.0,833982178
833,8,173,3.0,833981993
834,8,185,2.0,834586861
835,8,207,4.0,833982765
836,8,208,3.0,833981834
837,8,231,3.0,835087532
838,8,236,4.0,833982013
839,8,253,4.0,833981834
840,8,266,5.0,833981963
841,8,276,3.0,833982244
842,8,277,4.0,833982245
843,8,288,5.0,833981870
844,8,292,4.0,833981834
845,8,296,5.0,833973081
846,8,316,2.0,833973235
847,8,329,3.0,833973235
848,8,338,2.0,834586900
849,8,339,4.0,833981834
850,8,344,3.0,833973175
851,8,349,5.0,833973175
852,8,350,4.0,833982244
853,8,353,3.0,833982683
854,8,355,2.0,833982808
855,8,356,5.0,833982259
856,8,357,4.0,833982790
857,8,364,4.0,833982013
858,8,367,3.0,833982133
859,8,372,4.0,834587089
860,8,377,4.0,833982715
861,8,380,4.0,833973081
862,8,381,4.0,833982668
863,8,434,5.0,833981804
864,8,442,4.0,833982259
865,8,454,4.0,835087603
866,8,457,5.0,833981896
867,8,480,4.0,833982648
868,8,500,4.0,833982790
869,8,508,3.0,833982957
870,8,527,5.0,833973298
871,8,539,4.0,833982860
872,8,550,4.0,834587074
873,8,551,4.0,833982668
874,8,552,3.0,833982859
875,8,553,5.0,833982013
876,8,587,4.0,833982889
877,8,588,3.0,833973175
878,8,589,5.0,833982668
879,8,590,5.0,833973081
880,8,592,4.0,833973081
881,8,593,5.0,833981896
882,8,595,3.0,835087532
883,8,597,5.0,833982889
884,8,610,4.0,833981710
885,8,648,5.0,834586915
886,8,733,4.0,834586590
887,9,356,4.0,994019198
888,9,858,5.0,994019177
922,10,1,4.0,943497887
923,10,11,4.0,943497660
924,10,25,4.0,943497660
925,10,260,4.0,943497376
926,10,356,3.0,943497122
927,10,527,5.0,943497122
928,10,858,5.0,943497439
929,10,912,4.0,943497122
930,10,969,4.0,943497610
960,11,1,4.5,1230858821
961,11,10,2.5,1230858959
962,11,19,3.5,1230783704
963,11,32,5.0,1230783095
964,11,39,4.5,1230859032
965,11,65,2.0,1230856649
966,11,110,4.0,1230853748
967,11,145,3.0,1230785947
968,11,150,5.0,1230785343
969,11,153,3.5,1230858914
970,11,158,4.0,1230853973
971,11,160,4.0,1230787621
972,11,165,4.0,1230858900
973,11,170,5.0,1230782534
974,11,172,5.0,1230787804
975,11,173,5.0,1230788954
976,11,185,4.0,1230859015
977,11,208,4.5,1230787870
978,11,231,4.0,1230858945
979,11,253,4.5,1230858996
980,11,256,5.0,1230788946
981,11,260,5.0,1230787560
982,11,286,0.5,1230787831
983,11,296,3.5,1230858799
984,11,316,3.5,1230788496
985,11,318,5.0,1230850571
986,11,344,3.5,1230783700
987,11,356,5.0,1230858804
988,11,364,4.0,1230858919
989,11,367,4.0,1230858954
990,11,377,4.0,1230858880
991,11,380,5.0,1251170857
992,11,384,3.5,1230785967
993,11,405,3.5,1230787663
994,11,410,4.0,1230783786
995,11,441,1.5,1230853962
996,11,442,4.5,1230788002
997,11,480,5.0,1230788713
998,11,500,4.5,1230858949
999,11,519,1.0,1230787591
1000,11,527,4.5,1251170861
1001,11,531,4.5,1230782539
1002,11,541,4.5,1230787503
1003,11,546,5.0,1230788928
1004,11,551,5.0,1230853957
1005,11,586,4.0,1230859027
1006,11,587,4.5,1230858969
1007,11,588,5.0,1251170867
1008,11,589,4.5,1230788848
1009,11,592,4.5,1230789445
1010,11,593,5.0,1230858809
1011,11,595,4.5,1230858904
1012,11,597,4.5,1230858934
1013,11,608,3.5,1230858873
1014,11,610,4.0,1230853952
1015,11,611,3.5,1230787801
1016,11,616,4.0,1230782542
1017,11,631,2.0,1230784338
1018,11,648,4.0,1230853720
1019,11,653,4.5,1251143205
1020,11,671,0.5,1230782626
1021,11,673,5.0,1230787775
1022,11,736,5.0,1251170912
1023,11,741,4.5,1230788659
1024,11,761,3.5,1230856213
1025,11,780,5.0,1230788340
1026,11,784,3.5,1230853947
1027,11,828,4.0,1230784021
1028,11,858,2.5,1230858924
1029,11,880,5.0,1230787643
1030,11,968,5.0,1251170109
1464,12,1,4.0,859063718
1465,12,3,3.0,859063774
1466,12,5,2.0,859063774
1467,12,6,3.0,859063774
1468,12,7,3.0,859063774
1469,12,17,3.0,859063719
1470,12,32,3.0,859063717
1471,12,34,4.0,859063997
1472,12,36,4.0,859063774
1473,12,95,3.0,859063719
1474,12,104,4.0,859063825
1475,12,110,4.0,859064062
1476,12,208,3.0,859064000
1477,12,231,3.0,859064063
1478,12,260,4.0,859063825
1479,12,344,4.0,859063995
1480,12,356,4.0,859064001
1481,12,364,4.0,859064062
1482,12,376,3.0,859063825
1483,12,380,4.0,859063994
1484,12,480,3.0,859064062
1485,12,494,3.0,859063774
1486,12,527,4.0,859064062
1487,12,585,3.0,859064062
1488,12,589,4.0,859063998
1489,12,590,3.0,859063999
1490,12,595,4.0,859064062
1491,12,608,5.0,859063774
1492,12,648,3.0,859063718
1493,12,653,4.0,859063825
1494,12,733,4.0,859063774
1495,12,736,3.0,859063717
1496,12,780,3.0,859063717
1497,12,784,4.0,859063825
1498,12,786,4.0,859063774
1499,12,788,4.0,859063825
1500,13,1,4.0,849082891
1501,13,2,3.0,849082742
1502,13,10,3.0,849082472
1503,13,11,4.0,849082685
1504,13,19,3.0,849082571
1505,13,32,5.0,849082617
1506,13,34,1.0,849082541
1507,13,39,3.0,849082617
1508,13,47,5.0,849082518
1509,13,95,4.0,849082891
1510,13,110,5.0,849082472
1511,13,150,5.0,849082366
1512,13,153,3.0,849082393
1513,13,160,4.0,849082651
1514,13,161,5.0,849082472
1515,13,165,3.0,849082393
1516,13,173,3.0,849082697
1517,13,185,4.0,849082472
1518,13,225,4.0,849082617
1519,13,231,3.0,849082419
1520,13,236,3.0,849082891
1521,13,253,5.0,849082498
1522,13,266,5.0,849082652
1523,13,282,3.0,849082742
1524,13,292,5.0,849082451
1525,13,296,5.0,849082366
1526,13,300,2.0,849082541
1527,13,315,4.0,849082742
1528,13,316,3.0,849082419
1529,13,317,3.0,849082652
1530,13,318,5.0,849082451
1531,13,339,3.0,849082498
1532,13,344,3.0,849082393
1533,13,349,3.0,849082419
1534,13,350,4.0,849082651
1535,13,356,5.0,849082419
1536,13,357,3.0,849082617
1537,13,364,3.0,849082518
1538,13,367,4.0,849082518
1539,13,377,4.0,849082498
1540,13,380,2.0,849082366
1541,13,410,3.0,849082541
1542,13,420,4.0,849082617
1543,13,432,3.0,849082697
1544,13,434,4.0,849082450
1545,13,435,4.0,849082697
1546,13,442,4.0,849082742
1547,13,457,5.0,849082393
1548,13,474,4.0,849082697
1549,13,480,3.0,849082451
1550,13,500,5.0,849082518
1551,13,508,5.0,849082891
1552,13,509,4.0,849082742
1553,13,527,5.0,849082571
1554,13,539,3.0,849082571
1555,13,553,5.0,849082891
1556,13,588,1.0,849082393
1557,13,589,4.0,849082498
1558,13,590,4.0,849082366
1559,13,592,3.0,849082366
1560,13,595,2.0,849082419
1561,13,597,5.0,849082541
1562,14,1,4.5,1225311239
1563,14,7,3.5,1225320254
1564,14,17,5.0,1225309027
1565,14,34,3.0,1225319900
1566,14,62,4.0,1225320095
1567,14,150,5.0,1225310931
1568,14,252,4.0,1225320408
1569,14,260,4.0,1225311540
1570,14,277,4.0,1225309974
1571,14,314,4.0,1225311961
1572,14,316,3.0,1225319890
1573,14,339,4.5,1225316659
1574,14,344,2.0,1225319870
1575,14,356,4.0,1225311411
1576,14,364,4.5,1225316769
1577,14,368,4.5,1225320198
1578,14,440,4.5,1225320131
1579,14,452,4.5,1225309639
1580,14,457,3.5,1225311292
1581,14,468,3.5,1225320550
1582,14,471,5.0,1225308771
1583,14,480,4.0,1225319827
1584,14,497,4.5,1225311094
1585,14,500,2.0,1225319897
1586,14,520,2.0,1225320281
1587,14,529,5.0,1225311256
1588,14,534,4.0,1225311332
1589,14,539,1.5,1225309634
1590,14,551,2.0,1225309964
1591,14,552,3.5,1225320328
1592,14,586,2.5,1225319965
1593,14,587,2.5,1225319918
1594,14,588,4.0,1225319859
1595,14,594,3.5,1225320185
1596,14,595,4.5,1225310745
1597,14,728,4.5,1225311400
1598,14,745,4.0,1225311032
1599,14,780,3.0,1225309007
1600,14,783,3.0,1225320402
1601,14,802,3.0,1225320319
1602,14,838,4.0,1225311724
1603,14,898,4.5,1225313864
1604,14,899,3.5,1225314094
1605,14,902,3.0,1225320471
1606,14,910,2.0,1225309945
1607,14,911,4.0,1225314137
1608,14,924,3.5,1225320113
1609,14,927,3.5,1225309940
1610,14,951,3.5,1225309294
1611,14,953,3.5,1225314327
1612,14,954,4.5,1225309290
1613,14,955,4.5,1225314294
1614,14,1010,3.5,1225309283
1615,14,1013,3.5,1225310377
1805,15,10,2.0,840207465
1806,15,11,3.0,840207537
1807,15,14,2.0,840207366
1808,15,17,3.0,840206835
1809,15,21,3.0,840206835
1810,15,34,4.0,840206835
1811,15,36,3.0,840207537
1812,15,39,3.0,840207039
1813,15,50,3.0,840207617
1814,15,141,3.0,840207366
1815,15,150,4.0,840206642
1816,15,153,2.0,840206704
1817,15,161,3.0,840206786
1818,15,165,2.0,840206704
1819,15,231,3.0,840206747
1820,15,246,4.0,840207537
1821,15,296,3.0,840206642
1822,15,300,3.0,840207686
1823,15,318,3.0,840206786
1824,15,326,3.0,840207366
1825,15,329,3.0,840206786
1826,15,344,3.0,840206704
1827,15,349,3.0,840206704
1828,15,356,5.0,840207039
1829,15,364,4.0,840207618
1830,15,377,3.0,840207618
1831,15,380,3.0,840206642
1832,15,434,2.0,840206786
1833,15,440,3.0,840207686
1834,15,457,4.0,840206747
1835,15,474,4.0,840207465
1836,15,480,3.0,840207039
1837,15,497,3.0,840207748
1838,15,500,3.0,840207465
1839,15,508,3.0,840207537
1840,15,515,4.0,840207748
1841,15,527,5.0,840207464
1842,15,534,3.0,840207748
1843,15,539,4.0,840207686
1844,15,586,3.0,840207366
1845,15,588,3.0,840206704
1846,15,590,3.0,840206642
1847,15,592,3.0,840206642
1848,15,593,3.0,840206747
1849,15,594,4.0,840207686
1850,15,595,3.0,840206747
1851,15,596,4.0,840207748
1852,15,608,4.0,840207465
1853,15,780,3.0,840207618
1854,16,1,3.0,990969772
1855,16,6,3.0,990969532
1856,16,39,4.0,990969977
1857,16,122,4.0,990970136
1858,16,223,3.0,990969977
1859,16,356,4.0,990970295
1860,16,539,3.0,990970213
1861,16,550,5.0,990970069
1862,16,587,5.0,990970295
1863,16,915,3.0,990969738
1864,16,916,5.0,990970091
1865,16,934,4.0,990969738
1914,17,6,4.0,978765863
1915,17,110,4.0,978765863
1916,17,377,3.0,978765886
1917,17,457,5.0,978765863
1918,17,480,3.0,978765863
1919,17,648,3.0,979686312
1940,18,186,4.0,1267347706
1941,18,260,1.0,1195573695
1942,18,296,4.0,1195573677
1943,18,318,4.5,1195573672
1944,18,356,4.0,1195573680
1945,18,383,3.0,1195573228
1946,18,426,1.0,1195573300
1947,18,480,1.5,1195573666
1948,18,527,4.0,1195573707
1949,18,588,4.0,1195573712
1950,18,592,3.0,1195573690
1951,18,593,3.5,1195573661
1952,18,608,4.0,1195573716
1953,18,830,2.0,1195573174
1954,18,858,4.0,1236356241
1955,18,912,5.0,1283426281
2061,19,1,5.0,855176628
2062,19,3,4.0,855176684
2063,19,6,5.0,855176684
2064,19,7,5.0,855176684
2065,19,14,4.0,855176723
2066,19,17,4.0,855176628
2067,19,25,3.0,855176628
2068,19,32,2.0,855176627
2069,19,55,3.0,855177136
2070,19,61,4.0,855176926
2071,19,62,5.0,855176628
2072,19,67,3.0,855177339
2073,19,74,4.0,855176849
2074,19,76,3.0,855176882
2075,19,79,3.0,855176772
2076,19,86,5.0,855176926
2077,19,88,4.0,855176926
2078,19,92,3.0,855176926
2079,19,95,3.0,855176628
2080,19,100,4.0,855176806
2081,19,101,3.0,855177162
2082,19,112,5.0,855176684
2083,19,135,4.0,855176773
2084,19,141,5.0,855176628
2085,19,376,4.0,855176722
2086,19,494,4.0,855176684
2087,19,608,5.0,855176684
2088,19,609,4.0,855176849
2089,19,628,4.0,855176773
2090,19,637,3.0,855176773
2091,19,648,3.0,855176628
2092,19,656,5.0,855177105
2093,19,661,3.0,855176772
2094,19,694,4.0,855176962
2095,19,707,3.0,855176849
2096,19,710,5.0,855177050
2097,19,719,3.0,855176806
2098,19,724,4.0,855176849
2099,19,725,4.0,855177017
2100,19,733,4.0,855176684
2101,19,736,4.0,855176628
2102,19,761,3.0,855176849
2103,19,780,4.0,855176628
2104,19,785,3.0,855176962
2105,19,786,4.0,855176722
2106,19,788,4.0,855176723
2107,19,802,4.0,855176806
2108,19,828,3.0,855177017
2109,19,880,3.0,855176989
2111,20,16,4.0,1126539588
2112,20,19,2.5,1126539530
2113,20,111,4.5,1126539863
2114,20,235,3.5,1126539575
2115,20,370,2.0,1126539842
2116,20,442,2.0,1126539534
2117,20,474,2.0,1126539515
2139,21,6,4.0,992189767
2140,21,16,5.0,992190159
2141,21,32,4.0,992189698
2142,21,50,5.0,992188845
2143,21,111,4.0,992188864
2144,21,223,3.0,992190271
2145,21,235,3.0,992189799
2146,21,260,5.0,992189418
2147,21,262,4.0,992189741
2148,21,293,2.0,992189726
2149,21,296,5.0,992188845
2150,21,318,5.0,992188814
2151,21,319,3.0,992189647
2152,21,322,3.0,992189231
2153,21,337,3.0,992190071
2154,21,364,3.0,992189682
2155,21,474,4.0,992189970
2156,21,527,5.0,992189017
2157,21,541,5.0,992189344
2158,21,562,4.0,992189380
2159,21,589,4.0,992189970
2160,21,593,5.0,992189344
2161,21,594,3.0,992190044
2162,21,608,4.0,992189231
2163,21,760,3.0,992189938
2164,21,778,4.0,992189380
2165,21,858,5.0,992188493
2166,21,912,4.0,992189289
2167,21,920,3.0,992190290
2168,21,923,4.0,992188880
2169,21,924,5.0,992189325
2170,21,953,3.0,992189799
2171,21,954,3.0,992189446
2172,21,968,5.0,992188493
2302,22,1,3.0,994638157
2303,22,6,5.0,994638573
2304,22,16,5.0,994638228
2305,22,47,4.0,994638077
2306,22,50,4.0,994637979
2307,22,69,3.0,994638245
2308,22,95,4.0,994638677
2309,22,110,4.0,994636862
2310,22,111,4.0,994636839
2311,22,165,4.0,994638652
2312,22,288,1.0,994638704
2313,22,292,3.0,994638652
2314,22,296,5.0,994638043
2315,22,303,3.0,994638750
2316,22,318,5.0,994637905
2317,22,353,3.0,994638555
2318,22,358,3.0,994637188
2319,22,377,4.0,994638555
2320,22,434,4.0,994638726
2321,22,457,3.0,994638533
2322,22,474,3.0,994638573
2323,22,479,3.0,994638704
2324,22,494,4.0,994638652
2325,22,544,3.0,994638750
2326,22,555,4.0,994638677
2327,22,587,3.0,994637230
2328,22,589,5.0,994638533
2329,22,592,3.0,994638408
2330,22,593,5.0,994636808
2331,22,648,5.0,994638630
2332,22,733,4.0,994638608
2435,23,1,4.0,914458411
2436,23,25,4.0,914458070
2437,23,32,5.0,914458329
2438,23,47,5.0,914458001
2439,23,50,5.0,914457721
2440,23,70,1.0,914458556
2441,23,110,4.0,914458147
2442,23,223,5.0,914457912
2443,23,232,3.0,914458237
2444,23,235,3.0,914458447
2445,23,293,5.0,914458109
2446,23,296,5.0,914457789
2447,23,318,5.0,914457641
2448,23,342,3.0,914458297
2449,23,347,3.0,914458202
2450,23,356,2.0,914457641
2451,23,457,4.0,914458264
2452,23,475,4.0,914458526
2453,23,493,3.0,914458001
2454,23,508,5.0,914458147
2455,23,527,5.0,914457756
2456,23,535,5.0,914458481
2457,23,555,5.0,914458109
2458,23,589,3.0,914458365
2459,23,593,4.0,914457720
2460,23,608,5.0,914458109
2461,23,678,5.0,914458001
2462,23,720,4.0,914457853
2463,23,778,5.0,914457952
2464,23,838,1.0,914458411
2465,23,866,4.0,914458147
2537,24,1,4.0,994230149
2538,24,5,2.0,994233649
2539,24,6,4.0,994232511
2540,24,7,3.0,994233698
2541,24,10,3.0,995097444
2542,24,16,5.0,994230480
2543,24,18,5.0,994233189
2544,24,21,3.0,995096739
2545,24,24,4.0,993974197
2546,24,25,5.0,994230173
2547,24,32,4.0,993972304
2548,24,34,4.0,994071193
2549,24,36,3.0,994230414
2550,24,39,3.0,995096739
2551,24,47,4.0,994071171
2552,24,50,5.0,994071051
2553,24,62,3.0,994232783
2554,24,69,4.0,995096555
2555,24,73,4.0,995096997
2556,24,89,3.0,994233463
2557,24,95,4.0,994233806
2558,24,104,5.0,994232973
2559,24,110,4.0,994230114
2560,24,112,2.0,995097225
2561,24,150,3.0,995096581
2562,24,151,3.0,994232916
2563,24,161,3.0,994232569
2564,24,163,3.0,995097196
2565,24,165,4.0,994233405
2566,24,177,4.0,994233585
2567,24,188,5.0,994233436
2568,24,198,1.0,993972573
2569,24,216,5.0,994233486
2570,24,223,5.0,993973215
2571,24,231,4.0,994233678
2572,24,246,4.0,994071137
2573,24,253,5.0,995097095
2574,24,260,5.0,993972697
2575,24,266,5.0,994233806
2576,24,288,4.0,994232660
2577,24,292,4.0,994233419
2578,24,295,2.0,994233283
2579,24,296,5.0,994071115
2580,24,300,3.0,995096966
2581,24,316,3.0,994233419
2582,24,317,4.0,995097384
2583,24,318,5.0,994071071
2584,24,329,3.0,993972573
2585,24,337,2.0,995096682
2586,24,339,3.0,994233323
2587,24,344,5.0,994233463
2588,24,349,3.0,994232903
2589,24,350,3.0,995097354
2590,24,353,4.0,994232783
2591,24,356,5.0,994232648
2592,24,357,4.0,994232783
2593,24,358,2.0,994230282
2594,24,367,4.0,994232987
2595,24,368,2.0,994233144
2596,24,372,2.0,995097444
2597,24,377,4.0,994230398
2598,24,380,4.0,994233346
2599,24,383,3.0,994233207
2600,24,410,3.0,994233737
2601,24,423,3.0,994233585
2602,24,431,3.0,994233001
2603,24,437,1.0,1000098994
2604,24,440,3.0,993971477
2605,24,441,4.0,994232530
2606,24,450,2.0,994233144
2607,24,457,5.0,994230187
2608,24,468,1.0,995097247
2609,24,480,3.0,993972304
2610,24,491,2.0,994232949
2611,24,500,4.0,994233323
2612,24,508,3.0,994232799
2613,24,514,4.0,995097444
2614,24,524,2.0,994232729
2615,24,529,4.0,994230220
2616,24,539,4.0,994232932
2617,24,541,3.0,993972697
2618,24,543,2.0,994232949
2619,24,553,4.0,994232619
2620,24,555,4.0,994232682
2621,24,587,4.0,995097292
2622,24,588,4.0,995096635
2623,24,589,4.0,993972188
2624,24,590,4.0,994232729
2625,24,593,4.0,994071088
2626,24,597,3.0,995096885
2627,24,608,2.0,994071071
2628,24,647,3.0,994233144
2629,24,648,4.0,995096899
2630,24,662,3.0,994233160
2631,24,663,4.0,994233263
2632,24,724,2.0,994233791
2633,24,725,2.0,994233678
2634,24,733,4.0,994232761
2635,24,778,5.0,994230247
2636,24,780,4.0,995097247
2637,24,785,5.0,993974102
2638,24,802,3.0,995096937
2639,24,805,3.0,995096772
2640,24,832,3.0,994232682
2641,24,852,3.0,994233283
2642,24,861,1.0,995097095
2643,24,991,4.0,994233630
2644,24,1015,3.0,994233207
3043,25,21,3.5,1277963666
3044,25,22,4.0,1277961630
3045,25,31,3.0,1277961679
3046,25,32,3.5,1277963396
3047,25,39,4.5,1277962345
3048,25,47,3.0,1277962722
3049,25,50,3.5,1277963417
3050,25,104,2.5,1277963945
3051,25,110,3.5,1277963349
3052,25,111,3.5,1277963741
3053,25,141,3.5,1277963657
3054,25,175,4.5,1277961915
3055,25,223,4.5,1277963771
3056,25,231,3.0,1277963491
3057,25,253,3.5,1277963607
3058,25,261,4.0,1277961618
3059,25,288,3.5,1277963726
3060,25,296,4.0,1277962554
3061,25,318,4.0,1277963325
3062,25,337,4.0,1277963984
3063,25,344,3.5,1277963435
3064,25,356,4.0,1277962776
3065,25,364,3.5,1277963473
3066,25,367,2.0,1277963493
3067,25,372,4.0,1277961712
3068,25,377,2.5,1277963426
3069,25,428,4.0,1277961902
3070,25,480,3.5,1277963321
3071,25,500,3.5,1277963486
3072,25,527,3.5,1277963390
3073,25,539,2.5,1277963557
3074,25,585,1.0,1277961670
3075,25,586,3.5,1277963635
3076,25,587,4.5,1277963538
3077,25,589,4.0,1277963369
3078,25,590,4.0,1277963382
3079,25,592,3.5,1277963366
3080,25,593,4.5,1277963317
3081,25,597,3.0,1277963488
3082,25,778,4.0,1277962804
3083,25,858,3.5,1277963460
3084,25,919,4.0,1277963780
3164,26,10,3.0,839270709
3165,26,19,3.0,839270773
3166,26,21,4.0,839270773
3167,26,22,3.0,839270953
3168,26,39,4.0,839270792
3169,26,47,4.0,839270753
3170,26,50,5.0,839270792
3171,26,110,4.0,839270731
3172,26,150,4.0,839270563
3173,26,153,3.0,839270633
3174,26,160,2.0,839270812
3175,26,161,3.0,839270685
3176,26,165,3.0,839270633
3177,26,173,2.0,839270867
3178,26,185,3.0,839270709
3179,26,188,2.0,839270953
3180,26,208,3.0,839270709
3181,26,225,3.0,839270773
3182,26,231,2.0,839270662
3183,26,253,3.0,839270709
3184,26,266,3.0,839270812
3185,26,273,3.0,839270973
3186,26,288,4.0,839270731
3187,26,292,3.0,839270684
3188,26,296,5.0,839270563
3189,26,300,4.0,839270753
3190,26,316,3.0,839270662
3191,26,317,3.0,839270792
3192,26,318,5.0,839270685
3193,26,329,3.0,839270662
3194,26,339,3.0,839270709
3195,26,344,3.0,839270633
3196,26,349,3.0,839270633
3197,26,356,5.0,839270731
3198,26,357,5.0,839270867
3199,26,364,3.0,839270753
3200,26,367,4.0,839270773
3201,26,377,3.0,839270792
3202,26,380,3.0,839270563
3203,26,410,3.0,839270731
3204,26,420,3.0,839270792
3205,26,426,3.0,839270973
3206,26,434,3.0,839270684
3207,26,435,3.0,839270812
3208,26,440,5.0,839270867
3209,26,454,3.0,839270753
3210,26,457,4.0,839270685
3211,26,480,5.0,839270731
3212,26,500,4.0,839270812
3213,26,527,5.0,839270829
3214,26,532,3.0,839270953
3215,26,539,4.0,839270867
3216,26,586,3.0,839270829
3217,26,587,4.0,839270829
3218,26,588,3.0,839270633
3219,26,589,5.0,839270773
3220,26,590,4.0,839270563
3221,26,592,3.0,839270563
3222,26,593,4.0,839270662
3223,26,595,5.0,839270662
3224,26,597,3.0,839270829
3225,27,11,4.0,1112243785
3226,27,29,3.0,1112243971
3227,27,47,4.5,1112243692
3228,27,104,4.0,1112243198
3229,27,162,4.0,1112243546
3230,27,231,4.5,1112243703
3231,27,235,3.0,1112243190
3232,27,266,4.0,1112243154
3233,27,368,4.5,1112243155
3234,27,480,4.5,1112243676
3235,27,491,3.0,1112243977
3236,27,539,3.0,1112243445
3237,27,553,4.5,1112243209
3238,27,597,4.5,1112243421
3239,27,778,4.5,1112243718
3240,27,832,4.0,1112243426
3294,28,150,1.0,834092660
3295,28,161,3.0,834093005
3296,28,165,3.0,834092698
3297,28,185,1.0,834093021
3298,28,196,1.0,834093089
3299,28,213,5.0,834092896
3300,28,231,3.0,834092735
3301,28,253,3.0,834093021
3302,28,266,1.0,834093066
3303,28,282,3.0,834093081
3304,28,292,3.0,834093005
3305,28,296,5.0,834092660
3306,28,315,2.0,834093081
3307,28,339,3.0,834093021
3308,28,344,2.0,834092698
3309,28,356,4.0,834093156
3310,28,357,4.0,834092851
3311,28,367,2.0,834093106
3312,28,377,3.0,834093204
3313,28,380,2.0,834092661
3314,28,410,5.0,834093034
3315,28,417,1.0,834092871
3316,28,442,3.0,834093167
3317,28,477,3.0,834093246
3318,28,480,2.0,834093183
3319,28,500,3.0,834093246
3320,28,509,4.0,834092841
3321,28,555,5.0,834093128
3322,28,588,3.0,834092698
3323,28,590,1.0,834092660
3324,28,593,3.0,834093034
3325,28,595,3.0,834092735
3326,29,2,3.0,835562174
3327,29,9,4.0,835638645
3328,29,11,4.0,835562132
3329,29,15,4.0,835638411
3330,29,16,4.0,835637764
3331,29,19,3.0,835561955
3332,29,20,4.0,835638446
3333,29,21,3.0,835561903
3334,29,22,3.0,835563354
3335,29,23,4.0,835563407
3336,29,24,3.0,835563407
3337,29,31,4.0,835562404
3338,29,32,3.0,835561955
3339,29,34,4.0,835561903
3340,29,42,3.0,835639823
3341,29,44,3.0,835562304
3342,29,46,3.0,835638644
3343,29,47,4.0,835561904
3344,29,50,4.0,835561955
3345,29,57,3.0,835638681
3346,29,60,4.0,835638082
3347,29,70,4.0,835562695
3348,29,93,3.0,835638530
3349,29,104,4.0,835638362
3350,29,110,5.0,835561836
3351,29,112,4.0,835563407
3352,29,122,3.0,835638190
3353,29,132,3.0,835638411
3354,29,135,3.0,835638681
3355,29,145,4.0,835562770
3356,29,147,3.0,835563354
3357,29,150,4.0,835561519
3358,29,151,3.0,835562132
3359,29,153,3.0,835561594
3360,29,157,3.0,835639070
3361,29,158,3.0,835562255
3362,29,159,4.0,835638644
3363,29,160,3.0,835561993
3364,29,161,4.0,835561730
3365,29,164,4.0,835638587
3366,29,165,4.0,835561594
3367,29,168,3.0,835562304
3368,29,170,3.0,835563446
3369,29,172,3.0,835562256
3370,29,173,4.0,835562042
3371,29,179,3.0,835639386
3372,29,185,3.0,835561783
3373,29,188,3.0,835638924
3374,29,191,3.0,835638681
3375,29,196,3.0,835562132
3376,29,204,4.0,835562212
3377,29,208,3.0,835561783
3378,29,216,5.0,835638014
3379,29,218,3.0,835637878
3380,29,224,4.0,835562363
3381,29,225,3.0,835561904
3382,29,231,3.0,835561663
3383,29,233,3.0,835638331
3384,29,234,3.0,835637922
3385,29,235,3.0,835562174
3386,29,237,4.0,835637725
3387,29,246,3.0,835637725
3388,29,248,3.0,835638082
3389,29,249,5.0,835638110
3390,29,250,3.0,835640022
3391,29,253,5.0,835561783
3392,29,255,3.0,835638531
3393,29,256,3.0,835562304
3394,29,266,4.0,835561955
3395,29,267,4.0,835638190
3396,29,271,3.0,835639070
3397,29,272,3.0,835562534
3398,29,273,4.0,835637725
3399,29,274,3.0,835638835
3400,29,277,3.0,835562448
3401,29,280,3.0,835563588
3402,29,282,4.0,835562085
3403,29,288,3.0,835561836
3404,29,292,5.0,835561730
3405,29,293,4.0,835562174
3406,29,294,3.0,835639237
3407,29,296,5.0,835561519
3408,29,300,2.0,835561836
3409,29,303,3.0,835638014
3410,29,312,2.0,835639070
3411,29,315,4.0,835562042
3412,29,316,3.0,835561663
3413,29,317,4.0,835561903
3414,29,318,5.0,835561663
3415,29,328,2.0,835563509
3416,29,329,3.0,835561663
3417,29,333,4.0,835562363
3418,29,339,3.0,835562580
3419,29,340,3.0,835563509
3420,29,344,3.0,835561594
3421,29,349,3.0,835561594
3422,29,351,3.0,835638264
3423,29,352,4.0,835639177
3424,29,353,3.0,835562696
3425,29,355,3.0,835637878
3426,29,356,5.0,835562085
3427,29,358,4.0,835562741
3428,29,362,4.0,835638263
3429,29,364,4.0,835561993
3430,29,365,4.0,835563543
3431,29,367,3.0,835562042
3432,29,368,4.0,835638082
3433,29,370,3.0,835638151
3434,29,371,1.0,835638228
3435,29,374,3.0,835638756
3436,29,377,4.0,835562304
3437,29,380,3.0,835561519
3438,29,382,3.0,835638871
3439,29,383,5.0,835638331
3440,29,405,3.0,835639291
3441,29,410,3.0,835561836
3442,29,413,3.0,835637922
3443,29,415,3.0,835638411
3444,29,416,3.0,835638446
3445,29,420,3.0,835561956
3446,29,428,5.0,835639744
3447,29,431,5.0,835637922
3448,29,432,4.0,835562042
3449,29,434,4.0,835561730
3450,29,435,3.0,835562042
3451,29,437,3.0,835638296
3452,29,442,4.0,835562363
3453,29,455,3.0,835638478
3454,29,457,3.0,835561783
3455,29,464,3.0,835639177
3456,29,466,3.0,835638228
3457,29,475,3.0,835563588
3458,29,480,5.0,835562132
3459,29,481,3.0,835563509
3460,29,482,3.0,835639664
3461,29,485,4.0,835638151
3462,29,491,3.0,835638190
3463,29,500,3.0,835562403
3464,29,502,3.0,835638530
3465,29,509,3.0,835562363
3466,29,514,2.0,835638446
3467,29,516,4.0,835639436
3468,29,519,3.0,835638792
3469,29,520,3.0,835638263
3470,29,524,4.0,835638969
3471,29,527,4.0,835562404
3472,29,529,4.0,835638331
3473,29,532,3.0,835638612
3474,29,533,3.0,835638792
3475,29,537,3.0,835638969
3476,29,542,4.0,835639291
3477,29,543,3.0,835638587
3478,29,546,3.0,835638757
3479,29,551,4.0,835562533
3480,29,552,4.0,835637979
3481,29,553,4.0,835562085
3482,29,555,5.0,835562304
3483,29,575,4.0,835639237
3484,29,585,3.0,835637796
3485,29,586,4.0,835637764
3486,29,587,3.0,835563446
3487,29,588,4.0,835561594
3488,29,589,4.0,835562255
3489,29,590,4.0,835561519
3490,29,592,4.0,835561519
3491,29,593,4.0,835561783
3492,29,594,4.0,835638228
3493,29,595,4.0,835561663
3494,29,596,5.0,835563588
3495,29,597,3.0,835637725
3496,29,610,4.0,835637979
3497,29,616,3.0,835638190
3498,29,648,4.0,835563354
3499,29,653,3.0,835562696
3500,29,711,3.0,835639014
3501,29,724,4.0,835562696
3502,29,733,5.0,835562695
3503,30,5,2.5,1204791732
3504,30,163,1.0,1204791725
3505,30,168,0.5,1204791801
3506,30,225,2.0,1204791728
3507,30,265,3.0,1204791781
3508,30,466,3.5,1204791740
3509,30,519,2.0,1204793269
3510,30,555,1.5,1204791757
3511,30,589,2.5,1204793281
3512,30,596,5.0,1204791789
3534,31,1,3.0,1424733487
3535,31,110,5.0,1424733473
3536,31,260,5.0,1424733433
3537,31,364,3.0,1424844807
3538,31,527,0.5,1424733598
3539,31,588,3.0,1424842869
3540,31,594,2.5,1424844811
3541,31,616,4.0,1424844817
3780,32,6,3.0,845962911
3781,32,10,3.0,845962612
3782,32,14,3.0,845963199
3783,32,16,3.0,845962969
3784,32,17,4.0,845962821
3785,32,19,3.0,845962706
3786,32,25,4.0,845962869
3787,32,31,3.0,845962944
3788,32,34,4.0,845962682
3789,32,36,3.0,845962911
3790,32,39,3.0,845962749
3791,32,45,3.0,845963010
3792,32,47,3.0,845962682
3793,32,50,5.0,845962438
3794,32,58,4.0,845963068
3795,32,110,3.0,845962439
3796,32,150,4.0,845962251
3797,32,151,3.0,845962838
3798,32,153,3.0,845962538
3799,32,161,3.0,845962612
3800,32,165,3.0,845962538
3801,32,170,3.0,845963127
3802,32,173,3.0,845962792
3803,32,185,3.0,845962612
3804,32,225,3.0,845962729
3805,32,231,3.0,845962562
3806,32,235,3.0,845962853
3807,32,247,3.0,845963259
3808,32,260,4.0,845963259
3809,32,292,4.0,845962584
3810,32,296,5.0,845962251
3811,32,300,3.0,845962707
3812,32,315,2.0,845962792
3813,32,316,3.0,845962562
3814,32,318,5.0,845962584
3815,32,319,4.0,845963145
3816,32,337,4.0,845962822
3817,32,342,4.0,845963010
3818,32,344,3.0,845962538
3819,32,345,3.0,845963085
3820,32,350,3.0,845962767
3821,32,355,2.0,845962944
3822,32,356,3.0,845962584
3823,32,357,4.0,845962749
3824,32,368,5.0,845962888
3825,32,371,3.0,845963085
3826,32,377,3.0,845962647
3827,32,380,4.0,845962251
3828,32,410,3.0,845962682
3829,32,434,4.0,845962584
3830,32,442,3.0,845962809
3831,32,454,3.0,845962647
3832,32,457,4.0,845962438
3833,32,468,3.0,845962993
3834,32,474,4.0,845962792
3835,32,480,3.0,845962584
3836,32,497,4.0,845962944
3837,32,527,3.0,845962729
3838,32,535,4.0,845963269
3839,32,588,3.0,845962538
3840,32,589,4.0,845962438
3841,32,590,3.0,845962538
3842,32,592,4.0,845962251
3843,32,593,4.0,845962438
3844,32,597,3.0,845962707
3845,32,608,3.0,845962980
3846,32,708,4.0,845963187
3847,32,736,4.0,845962838
3848,32,745,4.0,845963582
3849,32,778,5.0,845963397
3850,32,780,4.0,845962869
3851,32,786,3.0,845963239
3853,33,157,3.0,966285209
3854,33,161,4.0,966285209
3855,33,293,5.0,966285210
3856,33,345,4.0,966285210
3857,33,370,1.0,966285533
3858,33,480,1.0,966285210
3859,33,608,4.0,966285369
3860,33,673,2.0,966285533
3903,34,1,5.0,846509445
3904,34,2,3.0,846509384
3905,34,7,3.0,846510487
3906,34,10,5.0,839249881
3907,34,15,3.0,846510556
3908,34,17,5.0,846509421
3909,34,21,4.0,846003172
3910,34,32,4.0,847124471
3911,34,34,3.0,839249923
3912,34,45,4.0,846510367
3913,34,48,4.0,846511262
3914,34,60,4.0,846510498
3915,34,68,4.0,852036504
3916,34,95,4.0,849524508
3917,34,104,3.0,849524672
3918,34,107,4.0,843573959
3919,34,135,3.0,849524634
3920,34,141,4.0,843573959
3921,34,150,5.0,839249781
3922,34,153,3.0,839249809
3923,34,158,3.0,846509456
3924,34,161,5.0,846509323
3925,34,165,4.0,839249809
3926,34,172,3.0,846510249
3927,34,173,1.0,846509385
3928,34,181,2.0,846510378
3929,34,185,3.0,846003200
3930,34,186,3.0,847125105
3931,34,203,4.0,846510390
3932,34,204,4.0,846509445
3933,34,208,5.0,839249881
3934,34,224,3.0,846510335
3935,34,231,3.0,839249839
3936,34,236,4.0,839605458
3937,34,237,4.0,846510345
3938,34,239,5.0,846510659
3939,34,252,4.0,839250045
3940,34,261,4.0,847124405
3941,34,272,4.0,846510357
3942,34,277,3.0,839250045
3943,34,289,4.0,847124542
3944,34,296,3.0,839249781
3945,34,316,4.0,839249839
3946,34,317,3.0,846509356
3947,34,329,4.0,839249839
3948,34,338,3.0,846510476
3949,34,339,4.0,839249881
3950,34,344,3.0,839249809
3951,34,355,4.0,846510335
3952,34,356,5.0,839249898
3953,34,357,5.0,839605458
3954,34,364,4.0,839249923
3955,34,367,5.0,839249954
3956,34,368,4.0,839605348
3957,34,370,4.0,839605415
3958,34,376,4.0,857222262
3959,34,377,5.0,839605350
3960,34,380,5.0,839249781
3961,34,410,4.0,839249898
3962,34,432,3.0,846509385
3963,34,434,3.0,847124580
3964,34,435,3.0,846509368
3965,34,440,5.0,839250045
3966,34,442,3.0,846509413
3967,34,457,5.0,839249855
3968,34,466,3.0,846510335
3969,34,474,4.0,846509385
3970,34,480,5.0,839249898
3971,34,485,3.0,839605348
3972,34,494,4.0,846510460
3973,34,500,5.0,839605458
3974,34,509,4.0,846509413
3975,34,520,3.0,846510345
3976,34,531,4.0,846510498
3977,34,539,5.0,839605428
3978,34,551,4.0,846509456
3979,34,553,4.0,846509413
3980,34,587,5.0,846509348
3981,34,588,4.0,839249809
3982,34,589,5.0,839249954
3983,34,590,2.0,839249781
3984,34,592,4.0,839249780
3985,34,595,5.0,839249839
3986,34,597,4.0,846509348
3987,34,637,3.0,846510675
3988,34,648,4.0,847977719
3989,34,688,3.0,846510556
3990,34,708,5.0,847124334
3991,34,733,5.0,853510848
3992,34,736,4.0,844965523
3993,34,761,3.0,852036542
3994,34,780,4.0,847124405
3995,34,786,4.0,847124248
3996,35,47,5.0,1164499265
3997,35,50,5.0,1164499229
3998,35,60,4.0,1164498353
3999,35,107,4.0,1164498329
4000,35,110,4.5,1164499196
4001,35,111,5.0,1164501164
4002,35,153,3.0,1164499242
4003,35,208,3.5,1164499347
4004,35,231,1.0,1164499302
4005,35,253,4.5,1164499338
4006,35,260,3.0,1164499190
4007,35,293,5.0,1164500071
4008,35,296,5.0,1164499167
4009,35,318,4.0,1164499180
4010,35,344,2.0,1164499236
4011,35,356,4.5,1164499168
4012,35,367,3.0,1164499310
4013,35,413,2.5,1164498431
4014,35,480,3.0,1164499175
4015,35,500,4.0,1164499298
4016,35,527,4.5,1164499210
4017,35,592,3.5,1164499186
4018,35,593,4.5,1164499171
4019,35,595,4.0,1164499246
4020,35,597,3.0,1164499293
4021,35,778,5.0,1164500234
4022,35,858,5.0,1164498853
4191,36,145,3.5,1307410435
4192,36,163,3.0,1307410222
4193,36,196,3.0,1307410373
4194,36,485,1.5,1307410376
4195,36,555,2.0,1307410213
4196,36,762,2.0,1307410494
4231,38,3,3.0,835718215
4232,38,7,5.0,835885746
4233,38,8,3.0,835885801
4234,38,11,4.0,835718201
4235,38,21,1.0,835717992
4236,38,36,3.0,835885509
4237,38,47,4.0,835717992
4238,38,52,1.0,835885532
4239,38,62,5.0,835718090
4240,38,135,3.0,835718090
4241,38,141,2.0,835885700
4242,38,150,5.0,835717875
4243,38,153,3.0,835717908
4244,38,155,4.0,835886033
4245,38,160,1.0,835718032
4246,38,161,4.0,835717938
4247,38,165,3.0,835717908
4248,38,195,4.0,835718111
4249,38,204,3.0,835718215
4250,38,207,5.0,835718111
4251,38,222,3.0,835886103
4252,38,225,5.0,835717992
4253,38,233,4.0,835718527
4254,38,237,5.0,835718588
4255,38,241,2.0,835718552
4256,38,252,2.0,835886251
4257,38,265,3.0,835886455
4258,38,267,2.0,835718465
4259,38,276,5.0,835718329
4260,38,277,4.0,835886154
4261,38,279,4.0,835886377
4262,38,282,4.0,835718187
4263,38,289,5.0,835718425
4264,38,292,5.0,835718187
4265,38,294,2.0,835886330
4266,38,296,1.0,835717875
4267,38,300,1.0,835717970
4268,38,315,5.0,835718141
4269,38,317,3.0,835717992
4270,38,339,4.0,835717938
4271,38,349,4.0,835717907
4272,38,350,5.0,835718644
4273,38,356,5.0,835718254
4274,38,364,5.0,835718032
4275,38,368,3.0,835886116
4276,38,371,4.0,835886532
4277,38,377,5.0,835886072
4278,38,378,4.0,835885895
4279,38,380,3.0,835717875
4280,38,440,5.0,835718514
4281,38,450,4.0,835885746
4282,38,454,3.0,835718031
4283,38,457,3.0,835717957
4284,38,458,3.0,835885912
4285,38,466,2.0,835718588
4286,38,467,5.0,835885550
4287,38,477,3.0,835886474
4288,38,480,3.0,835718473
4289,38,500,2.0,835885865
4290,38,501,5.0,835718514
4291,38,516,2.0,835886072
4292,38,527,4.0,835718254
4293,38,540,4.0,835885824
4294,38,586,3.0,835886484
4295,38,587,3.0,835718572
4296,38,588,2.0,835717907
4297,38,589,4.0,835718141
4298,38,590,4.0,835717875
4299,38,592,3.0,835717875
4300,38,593,2.0,835717957
4301,38,597,4.0,835885852
4302,38,613,3.0,835718439
4303,38,736,4.0,835885728
4304,38,786,5.0,835885486
4305,39,1,5.0,859325696
4306,39,6,5.0,859325758
4307,39,25,4.0,859325696
4308,39,32,3.0,859325695
4309,39,36,5.0,859325757
4310,39,52,3.0,859325826
4311,39,95,4.0,859325696
4312,39,112,2.0,859325826
4313,39,260,5.0,859325826
4314,39,376,4.0,859325826
4315,39,608,4.0,859325758
4316,39,648,4.0,859325696
4317,39,653,3.0,859325826
4318,39,733,4.0,859325758
4319,39,736,3.0,859325695
4320,39,780,3.0,859325695
4321,39,784,3.0,859325826
4322,39,786,4.0,859325758
4323,39,788,3.0,859325826
4325,40,11,3.0,940853434
4326,40,50,3.0,943881451
4327,40,111,5.0,941626815
4328,40,223,1.0,940852884
4329,40,246,5.0,939122417
4330,40,348,4.0,940853195
4331,40,352,5.0,939121868
4332,40,356,1.0,940852560
4333,40,441,4.0,940852560
4334,40,471,1.0,940853497
4335,40,562,3.0,940853252
4336,40,592,2.0,943880874
4337,40,608,2.0,940853574
4398,41,4,2.0,951694198
4399,41,58,5.0,951693865
4400,41,85,4.0,951693546
4401,41,154,4.0,951693178
4402,41,446,3.0,951694072
4403,41,527,4.0,951692865
4404,41,538,4.0,951693833
4405,41,593,4.0,951692492
4406,41,608,4.0,951693376
4407,41,832,3.0,951693944
4408,41,898,4.0,951693303
4409,41,912,5.0,951693395
4410,41,913,4.0,951693430
4411,41,923,4.0,951693303
4412,41,953,5.0,951693991
4413,41,969,5.0,951693303
4414,41,986,5.0,951693669
4457,42,31,4.5,1411667366
4458,42,111,4.0,1411668051
4459,42,260,4.5,1411667772
4460,42,296,4.5,1411667904
4461,42,355,1.0,1411667339
4462,42,541,4.0,1411667980
4463,42,593,5.0,1411667808
4464,42,745,5.0,1411667824
4465,42,903,4.0,1411667972
4466,42,904,4.0,1411667673
4467,42,908,3.5,1411667713
4468,42,910,2.0,1411667292
4469,42,913,4.0,1411667894
4508,43,28,4.5,1231445989
4509,43,150,3.5,1239308880
4510,43,232,4.0,1231446187
4511,43,260,3.5,1239308820
4512,43,261,5.0,1231445317
4513,43,277,0.5,1231445337
4514,43,296,4.0,1239308843
4515,43,318,4.0,1231446101
4516,43,344,2.0,1239308841
4517,43,356,5.0,1231445934
4518,43,367,2.5,1239308969
4519,43,480,2.5,1239308933
4520,43,531,4.5,1231445386
4521,43,588,3.0,1239308846
4522,43,595,3.5,1239308981
4523,43,613,4.0,1231446583
4524,43,648,3.5,1239308937
4525,43,780,3.5,1239308917
4526,43,830,5.0,1231445402
4527,43,838,5.0,1231445887
4528,43,919,3.0,1231445980
4595,44,260,4.0,1038250572
4596,44,296,4.0,1038250811
4597,44,349,4.0,1038250225
4598,44,595,4.0,1038250872
4599,44,720,5.0,1038250438
4600,44,858,5.0,1038250150
4601,44,904,4.0,1038250498
4602,44,908,4.0,1038250438
4603,44,920,4.0,1038250225
4604,44,953,5.0,1038250380
4628,45,318,1.5,1161817767
4629,45,353,2.0,1161817281
4630,45,551,4.5,1161818044
4631,45,904,2.0,1161817659
4632,45,908,3.0,1161817686
4633,45,912,2.5,1161817666
4634,45,920,4.0,1161817284
4635,45,922,4.0,1161817781
4636,45,923,2.0,1161817275
4637,45,926,4.0,1161817662
4638,45,927,4.5,1161817542
4672,46,5,3.0,846355796
4673,46,6,2.0,846354776
4674,46,11,4.0,846354547
4675,46,21,5.0,846354444
4676,46,25,5.0,846354705
4677,46,32,3.0,846354495
4678,46,36,5.0,846354729
4679,46,39,3.0,846354495
4680,46,45,5.0,846355519
4681,46,47,3.0,846354392
4682,46,50,4.0,846354444
4683,46,52,5.0,846355355
4684,46,57,4.0,846355570
4685,46,58,4.0,846355355
4686,46,62,4.0,846354684
4687,46,64,1.0,846355732
4688,46,65,1.0,846355915
4689,46,95,3.0,846354599
4690,46,102,3.0,846355817
4691,46,111,4.0,846354865
4692,46,122,1.0,846355715
4693,46,125,5.0,868645483
4694,46,141,5.0,846354599
4695,46,144,4.0,846355548
4696,46,150,3.0,846354830
4697,46,156,4.0,846355570
4698,46,157,4.0,846355671
4699,46,162,4.0,846355355
4700,46,171,4.0,846355519
4701,46,176,5.0,846355548
4702,46,185,3.0,846354333
4703,46,186,3.0,846354628
4704,46,194,4.0,846355355
4705,46,195,3.0,846355715
4706,46,203,2.0,846355355
4707,46,206,5.0,846355588
4708,46,208,3.0,846354333
4709,46,223,5.0,846354925
4710,46,224,3.0,846354925
4711,46,225,1.0,846354444
4712,46,231,1.0,846354278
4713,46,232,4.0,846355381
4714,46,233,5.0,846355486
4715,46,234,4.0,846355750
4716,46,235,5.0,846354656
4717,46,246,5.0,846354831
4718,46,248,3.0,846355772
4719,46,253,3.0,846354362
4720,46,256,2.0,846354729
4721,46,265,4.0,846354729
4722,46,272,4.0,846355486
4723,46,275,3.0,846355715
4724,46,282,2.0,846354576
4725,46,288,3.0,846354362
4726,46,292,3.0,846354305
4727,46,296,5.0,846354218
4728,46,300,5.0,846354417
4729,46,305,4.0,846355622
4730,46,312,3.0,846355750
4731,46,315,1.0,846354576
4732,46,316,2.0,846354277
4733,46,322,5.0,846355519
4734,46,333,2.0,846354776
4735,46,337,4.0,846354628
4736,46,339,3.0,846354333
4737,46,342,3.0,846355381
4738,46,344,4.0,846354251
4739,46,345,4.0,846354864
4740,46,348,4.0,846355429
4741,46,350,3.0,846354546
4742,46,351,3.0,846355683
4743,46,356,3.0,846354306
4744,46,357,5.0,846354495
4745,46,360,2.0,846355817
4746,46,367,3.0,846354392
4747,46,370,4.0,846354776
4748,46,372,5.0,846355570
4749,46,378,4.0,846355683
4750,46,380,1.0,846354219
4751,46,413,3.0,846355732
4752,46,417,3.0,846355520
4753,46,420,3.0,846354495
4754,46,433,1.0,846355772
4755,46,434,2.0,846354305
4756,46,435,3.0,846354523
4757,46,440,4.0,846354523
4758,46,442,3.0,846354576
4759,46,445,4.0,846355671
4760,46,454,3.0,846354362
4761,46,457,3.0,846354277
4762,46,466,4.0,846355657
4763,46,475,3.0,846355486
4764,46,480,3.0,846354305
4765,46,489,1.0,846355695
4766,46,500,3.0,846354417
4767,46,508,4.0,846354628
4768,46,514,5.0,846355570
4769,46,520,3.0,846355732
4770,46,527,5.0,846354495
4771,46,529,4.0,846355429
4772,46,532,3.0,846355548
4773,46,538,5.0,846355381
4774,46,539,4.0,846355548
4775,46,542,3.0,846355834
4776,46,543,4.0,846355657
4777,46,587,4.0,846354417
4778,46,597,3.0,846354417
4779,46,608,5.0,846354831
4780,46,627,1.0,846355209
4781,46,708,4.0,846355381
4782,46,736,3.0,846354628
4783,46,742,4.0,846355242
4784,46,778,4.0,846355548
4785,46,780,3.0,846354684
4786,46,830,3.0,846355715
4787,46,833,3.0,846355268
4794,47,1,1.0,1239940397
4795,47,34,0.5,1239940492
4796,47,47,3.0,1239940431
4797,47,88,4.5,1235025717
4798,47,110,3.0,1239940389
4799,47,208,2.0,1239940550
4800,47,231,0.5,1239940481
4801,47,253,3.0,1239940555
4802,47,262,2.0,1235025816
4803,47,292,3.5,1239940537
4804,47,296,4.0,1239940370
4805,47,303,3.0,1235025561
4806,47,318,3.5,1239940382
4807,47,344,1.0,1239940422
4808,47,356,1.5,1239940262
4809,47,364,1.0,1239940446
4810,47,367,0.5,1239940483
4811,47,383,0.5,1235025671
4812,47,480,3.5,1239940377
4813,47,593,4.0,1239940374
4814,47,597,0.5,1239940474
4815,47,608,4.5,1239940410
4816,47,733,0.5,1239940477
4817,47,736,1.5,1239940452
4818,47,780,2.5,1239940256
4819,47,1013,2.0,1235025762
4844,48,6,4.0,850406382
4845,48,14,3.0,850406416
4846,48,17,4.0,850406348
4847,48,25,5.0,850406348
4848,48,43,5.0,850406549
4849,48,47,4.0,850710897
4850,48,50,5.0,850710783
4851,48,52,4.0,850406416
4852,48,62,4.0,850406348
4853,48,94,4.0,850406504
4854,48,110,4.0,850710861
4855,48,111,4.0,850711285
4856,48,141,3.0,850406348
4857,48,144,4.0,850711065
4858,48,151,4.0,850710963
4859,48,171,3.0,850711416
4860,48,223,3.0,850710827
4861,48,230,3.0,850711285
4862,48,232,4.0,850710897
4863,48,246,4.0,850711285
4864,48,247,4.0,850710963
4865,48,249,4.0,850711364
4866,48,260,4.0,850710861
4867,48,265,3.0,850711136
4868,48,272,4.0,850710927
4869,48,296,5.0,850710783
4870,48,307,3.0,850710783
4871,48,318,5.0,850710783
4872,48,319,4.0,850711000
4873,48,326,4.0,850710783
4874,48,357,4.0,850711065
4875,48,369,4.0,850711437
4876,48,373,4.0,850710963
4877,48,380,3.0,850711438
4878,48,412,4.0,850711364
4879,48,417,3.0,850711136
4880,48,428,4.0,850711065
4881,48,431,4.0,850711416
4882,48,452,3.0,850711136
4883,48,468,4.0,850711364
4884,48,475,3.0,850710861
4885,48,497,4.0,850710827
4886,48,509,3.0,850710963
4887,48,515,4.0,850710897
4888,48,527,5.0,850710783
4889,48,529,4.0,850711032
4890,48,534,3.0,850711000
4891,48,535,3.0,850711171
4892,48,541,3.0,850710827
4893,48,590,4.0,850710897
4894,48,593,5.0,850710783
4895,48,608,4.0,850406382
4896,48,648,2.0,850406348
4897,48,708,3.0,850406416
4898,48,720,4.0,850710862
4899,48,750,4.0,850710827
4900,48,780,3.0,850406348
4901,48,800,5.0,850406483
4902,48,830,3.0,850406504
4903,48,852,4.0,850406525
4904,48,858,5.0,850710927
4905,48,919,4.0,850711136
4906,48,923,4.0,850711135
4907,48,924,4.0,850711250
4943,49,50,5.0,1367549426
4944,49,163,3.5,1367549017
4945,49,216,3.0,1367549158
4946,49,296,5.0,1367549413
4947,49,333,3.0,1367549078
4948,49,475,4.5,1367549140
4949,49,527,3.5,1367549362
4950,49,593,4.0,1367549470
4951,49,610,4.0,1367549204
4952,49,785,3.5,1367549074
4953,49,849,2.5,1367549170
4973,50,32,4.0,1182349090
4974,50,39,3.5,1182349203
4975,50,47,4.0,1182348347
4976,50,150,3.5,1182349064
4977,50,215,5.0,1182347856
4978,50,296,5.0,1182348326
4979,50,308,4.0,1182347603
4980,50,318,4.0,1182349053
4981,50,319,3.0,1181646332
4982,50,344,2.0,1182677668
4983,50,356,4.5,1182349043
4984,50,357,4.0,1182349181
4985,50,372,5.0,1181644438
4986,50,497,4.0,1182678132
4987,50,539,4.0,1182349170
4988,50,541,4.0,1182677784
4989,50,551,4.0,1182677995
4990,50,589,4.5,1182349075
4991,50,590,3.5,1182349067
4992,50,593,4.0,1182349047
4993,50,597,3.5,1182677714
4994,50,608,4.0,1182349093
4995,50,910,3.5,1181646278
4996,50,912,5.0,1182349274
4997,50,923,3.5,1182678075
4998,50,924,5.0,1182349293
5072,51,19,3.0,940974224
5073,51,47,5.0,940974920
5074,51,50,5.0,940974920
5075,51,70,3.0,940974343
5076,51,231,5.0,940974011
5077,51,296,5.0,938801847
5078,51,318,5.0,940973259
5079,51,344,5.0,940974224
5080,51,367,4.0,940975051
5081,51,463,2.0,940975149
5082,51,592,4.0,940976034
5083,51,593,4.0,938801548
5084,51,608,4.0,940973148
5085,51,784,4.0,940973979
5086,51,999,4.0,940975052
5174,52,19,3.0,836485582
5175,52,34,4.0,836485582
5176,52,110,4.0,836485563
5177,52,111,3.0,836485618
5178,52,160,3.0,836485617
5179,52,253,3.0,836485545
5180,52,266,4.0,836485618
5181,52,296,3.0,836485463
5182,52,356,3.0,836485618
5183,52,364,3.0,836485597
5184,52,380,4.0,836485464
5185,52,410,4.0,836485563
5186,52,435,3.0,836485636
5187,52,454,4.0,836485597
5188,52,457,4.0,836485545
5189,52,480,5.0,836485636
5190,52,588,3.0,836485489
5191,52,590,3.0,836485462
5192,52,592,2.0,836485461
5193,52,593,2.0,836485523
5194,53,1,4.0,938948976
5195,53,21,5.0,938943881
5196,53,29,5.0,938947097
5197,53,32,4.0,938941706
5198,53,41,4.0,938942468
5199,53,50,5.0,938947646
5200,53,58,5.0,938942508
5201,53,62,1.0,938943804
5202,53,78,3.0,938944320
5203,53,100,4.0,938944320
5204,53,114,4.0,938942961
5205,53,124,5.0,938941812
5206,53,149,5.0,938943479
5207,53,159,3.0,938943613
5208,53,162,5.0,938947605
5209,53,175,4.0,938943351
5210,53,213,5.0,938942046
5211,53,229,5.0,938943568
5212,53,230,5.0,938942423
5213,53,232,5.0,938941890
5214,53,263,4.0,938942871
5215,53,272,3.0,938943270
5216,53,296,3.0,938941890
5217,53,299,3.0,938942961
5218,53,309,5.0,938943389
5219,53,314,3.0,938947097
5220,53,316,1.0,938947288
5221,53,318,3.0,938941812
5222,53,326,4.0,938944253
5223,53,334,4.0,938942255
5224,53,337,4.0,938942871
5225,53,342,5.0,938948902
5226,53,345,5.0,938943232
5227,53,385,4.0,938942760
5228,53,446,5.0,938942508
5229,53,471,2.0,938948867
5230,53,472,5.0,938942176
5231,53,480,3.0,938947133
5232,53,488,5.0,938941933
5233,53,509,3.0,938942961
5234,53,515,4.0,938942467
5235,53,527,4.0,938941812
5236,53,535,4.0,938943175
5237,53,549,5.0,938947941
5238,53,562,4.0,938942554
5239,53,570,4.0,938941706
5240,53,573,4.0,938943920
5241,53,583,5.0,938942592
5242,53,601,4.0,938944637
5243,53,608,5.0,938941706
5244,53,678,4.0,938942800
5245,53,705,5.0,938947518
5246,53,720,5.0,938947562
5247,53,722,4.0,938948507
5248,53,766,3.0,938943649
5249,53,778,4.0,938943232
5250,53,800,5.0,938941889
5251,53,806,5.0,938943523
5252,53,837,4.0,938949040
5253,53,848,2.0,938944173
5254,53,850,5.0,938943613
5255,53,858,4.0,938946734
5256,53,904,5.0,938947518
5257,53,912,3.0,938947562
5258,53,913,5.0,938947646
5259,53,923,5.0,938947688
5260,53,924,4.0,938946930
5261,53,969,5.0,938947724
5262,53,991,4.0,938943141
5263,53,994,5.0,938942909
5400,54,1,4.0,974840421
5401,54,2,3.0,974918176
5402,54,5,3.0,974841378
5403,54,6,3.0,974836300
5404,54,10,4.0,974838872
5405,54,11,5.0,974840528
5406,54,16,2.0,974837907
5407,54,17,2.0,974836859
5408,54,18,3.0,974839141
5409,54,20,3.0,974918782
5410,54,21,2.0,974837280
5411,54,22,3.0,974838758
5412,54,25,2.0,974837179
5413,54,32,5.0,974836809
5414,54,34,2.0,974836788
5415,54,36,5.0,974836757
5416,54,39,2.0,974840565
5417,54,47,4.0,974837760
5418,54,50,4.0,974837760
5419,54,52,4.0,974840833
5420,54,70,4.0,974838872
5421,54,89,4.0,974839006
5422,54,95,2.0,974839006
5423,54,110,5.0,974837010
5424,54,111,3.0,975440479
5425,54,122,2.0,974840690
5426,54,125,3.0,974840383
5427,54,135,2.0,974841307
5428,54,150,3.0,974837179
5429,54,153,4.0,974918726
5430,54,160,3.0,974840100
5431,54,161,4.0,974837227
5432,54,163,4.0,974837849
5433,54,165,5.0,974838969
5434,54,185,3.0,974839274
5435,54,186,3.0,974841332
5436,54,195,2.0,974841131
5437,54,196,4.0,974840042
5438,54,204,2.0,974918782
5439,54,223,5.0,974840217
5440,54,225,4.0,974839303
5441,54,235,3.0,974837060
5442,54,236,3.0,974841332
5443,54,249,2.0,974837419
5444,54,252,3.0,974841214
5445,54,260,4.0,974836371
5446,54,272,2.0,974837152
5447,54,288,1.0,974836253
5448,54,292,5.0,974839112
5449,54,296,5.0,974836695
5450,54,300,2.0,974836950
5451,54,303,4.0,974918619
5452,54,306,1.0,974836757
5453,54,316,3.0,974839973
5454,54,318,5.0,974836695
5455,54,329,4.0,974840006
5456,54,337,3.0,974837060
5457,54,339,4.0,974840868
5458,54,344,1.0,974841101
5459,54,348,3.0,974840501
5460,54,349,4.0,974838734
5461,54,350,3.0,974838758
5462,54,356,5.0,974840565
5463,54,357,3.0,974840597
5464,54,360,2.0,974918782
5465,54,367,4.0,974840597
5466,54,368,3.0,974918565
5467,54,370,3.0,974841544
5468,54,377,4.0,974918418
5469,54,379,4.0,974840062
5470,54,380,4.0,974840766
5471,54,410,3.0,974841022
5472,54,426,2.0,974839006
5473,54,435,3.0,974840062
5474,54,440,4.0,974840565
5475,54,442,4.0,974839973
5476,54,454,4.0,974837419
5477,54,457,5.0,974836300
5478,54,474,4.0,974836300
5479,54,479,4.0,974918666
5480,54,480,5.0,974839898
5481,54,494,4.0,974839112
5482,54,517,2.0,974918643
5483,54,527,5.0,974835978
5484,54,539,4.0,974840868
5485,54,540,3.0,974839565
5486,54,541,3.0,974839675
5487,54,543,4.0,974837849
5488,54,544,2.0,974918808
5489,54,551,3.0,974840466
5490,54,552,4.0,974841307
5491,54,562,2.0,974841047
5492,54,581,4.0,974918336
5493,54,585,3.0,974840833
5494,54,586,3.0,974841214
5495,54,587,4.0,974838969
5496,54,589,5.0,974837760
5497,54,590,5.0,974837227
5498,54,592,5.0,975441684
5499,54,593,5.0,974836695
5500,54,597,3.0,974840985
5501,54,608,5.0,974837760
5502,54,612,2.0,974840742
5503,54,640,2.0,974839565
5504,54,648,3.0,974918565
5505,54,671,2.0,974839898
5506,54,695,3.0,974838872
5507,54,708,3.0,974841278
5508,54,719,3.0,974841424
5509,54,733,4.0,974837907
5510,54,736,4.0,974839112
5511,54,748,4.0,974839065
5512,54,750,3.0,974905725
5513,54,780,5.0,974840006
5514,54,785,3.0,974840999
5515,54,786,4.0,974839112
5516,54,788,3.0,974840042
5517,54,798,2.0,974839241
5518,54,799,4.0,974840742
5519,54,800,3.0,974836829
5520,54,830,2.0,974841243
5521,54,832,5.0,974838734
5522,54,836,2.0,974839336
5523,54,838,2.0,974840690
5524,54,849,3.0,974840006
5525,54,858,5.0,975440448
5526,54,861,4.0,974837760
5527,54,866,4.0,974837121
5528,54,885,2.0,974918214
5529,54,921,2.0,975441258
5530,54,924,2.0,974905725
5531,54,968,4.0,974905833
5532,54,994,3.0,974836883
5533,54,1003,3.0,974839241
5534,54,1005,3.0,974841424
5535,54,1013,3.0,974906059
5536,54,1017,4.0,974905635
6110,55,110,4.0,948332895
6111,55,203,2.0,948332817
6112,55,260,5.0,948332895
6113,55,457,4.0,948332973
6114,55,480,4.0,948332973
6115,55,858,5.0,948332895
6116,55,940,4.0,948332895
6117,55,969,4.0,948332895
6140,56,11,3.0,967240622
6141,56,16,3.0,967240471
6142,56,25,4.0,967240454
6143,56,36,3.0,967240322
6144,56,39,3.0,967230573
6145,56,45,3.0,967230382
6146,56,47,4.0,977503330
6147,56,50,5.0,977503183
6148,56,69,4.0,967230630
6149,56,110,5.0,967240772
6150,56,125,5.0,977503263
6151,56,161,2.0,967240772
6152,56,164,3.0,967230800
6153,56,177,2.0,967241131
6154,56,180,3.0,967230722
6155,56,186,2.0,967230350
6156,56,215,3.0,1003025941
6157,56,223,4.0,967230562
6158,56,246,5.0,977503209
6159,56,266,4.0,967240822
6160,56,293,3.0,967240371
6161,56,296,5.0,967240301
6162,56,318,5.0,977503130
6163,56,322,2.0,967240371
6164,56,356,4.0,967240652
6165,56,366,3.0,967241111
6166,56,368,1.0,967241161
6167,56,380,3.0,967240652
6168,56,441,4.0,967230722
6169,56,457,2.0,977503361
6170,56,497,2.0,967230590
6171,56,501,3.0,1003025881
6172,56,527,3.0,967240322
6173,56,529,4.0,967240471
6174,56,555,5.0,967240554
6175,56,593,5.0,967230350
6176,56,608,4.0,967240322
6177,56,628,4.0,977503314
6178,56,647,2.0,967240794
6179,56,648,4.0,977502436
6180,56,714,2.0,977503254
6181,56,724,4.0,967241098
6182,56,778,4.0,967240471
6183,56,799,3.0,967230616
6184,56,912,5.0,967240912
6185,56,991,3.0,967240794
6319,57,31,3.5,1098800856
6320,57,432,3.5,1098800698
6321,57,480,5.0,1098801126
6322,57,520,3.0,1098800772
6323,57,590,5.0,1098801019
6324,57,733,4.0,1098801139
6325,57,919,4.5,1098801024
6343,58,1,5.0,1144058408
6344,58,6,4.5,1144058615
6345,58,11,4.5,1144058674
6346,58,16,4.0,1011840790
6347,58,21,5.0,974715578
6348,58,32,5.0,1144058437
6349,58,34,5.0,1144058484
6350,58,36,4.0,1144058563
6351,58,45,3.5,1144059550
6352,58,47,5.0,1011840790
6353,58,50,5.0,1011840408
6354,58,79,4.0,1011842693
6355,58,89,4.0,1144061696
6356,58,110,5.0,1144058392
6357,58,111,5.0,1011840555
6358,58,151,5.0,1144059123
6359,58,161,4.0,1011841161
6360,58,162,5.0,1144060307
6361,58,163,3.0,1144059166
6362,58,165,5.0,1011842404
6363,58,170,4.0,1011842783
6364,58,172,3.5,1144059278
6365,58,185,4.0,1011842634
6366,58,190,4.0,1011841051
6367,58,194,4.5,1144060258
6368,58,207,3.0,1144060494
6369,58,208,1.0,1144058549
6370,58,218,1.5,1144060926
6371,58,223,4.5,1144058646
6372,58,224,4.0,1144059692
6373,58,225,4.0,1011842460
6374,58,230,5.0,1011841083
6375,58,231,4.0,1144058511
6376,58,233,3.5,1144061432
6377,58,235,3.5,1144058872
6378,58,246,3.5,1144059417
6379,58,247,3.5,1144059969
6380,58,253,5.0,1011843581
6381,58,265,4.0,1144059194
6382,58,266,4.0,1144058849
6383,58,272,5.0,995610533
6384,58,273,4.0,1011843689
6385,58,282,3.0,1144059315
6386,58,288,5.0,1011842404
6387,58,292,4.0,1011842561
6388,58,293,3.0,1011840643
6389,58,296,5.0,1144058341
6390,58,300,4.0,1144058618
6391,58,303,2.5,1144060182
6392,58,314,3.5,1144061044
6393,58,315,3.0,1144059344
6394,58,316,3.0,1144058459
6395,58,317,3.5,1144058893
6396,58,318,5.0,1144058377
6397,58,322,3.5,1144061898
6398,58,337,4.0,1144058876
6399,58,342,4.0,1144059309
6400,58,348,4.5,1144059684
6401,58,349,5.0,1011841604
6402,58,350,4.0,1011842230
6403,58,353,4.0,1011841919
6404,58,356,4.5,1144058356
6405,58,357,4.5,1144058528
6406,58,361,4.5,1144060695
6407,58,367,5.0,1144058541
6408,58,373,5.0,1011840853
6409,58,376,4.0,1011842460
6410,58,377,5.0,1011840894
6411,58,380,4.0,1144058402
6412,58,382,4.0,1144060709
6413,58,426,4.0,1011842561
6414,58,427,3.0,1011843006
6415,58,428,4.0,1144061246
6416,58,431,3.5,1144060014
6417,58,434,3.0,1144058546
6418,58,440,5.0,1144058686
6419,58,448,4.0,1144061802
6420,58,454,4.0,1011841604
6421,58,455,4.5,1144060092
6422,58,457,5.0,974715017
6423,58,468,4.0,1144059908
6424,58,474,5.0,1144058705
6425,58,480,4.0,1144058365
6426,58,481,5.0,1011841849
6427,58,485,0.5,1144059402
6428,58,500,3.5,1144058499
6429,58,508,3.5,1144058778
6430,58,509,4.0,1144058782
6431,58,512,5.0,1011843689
6432,58,517,3.5,1144061564
6433,58,527,5.0,1144058427
6434,58,531,4.0,1144060275
6435,58,539,5.0,974713678
6436,58,540,2.0,1011842858
6437,58,541,5.0,1004586867
6438,58,543,3.0,1011841604
6439,58,551,5.0,1144058825
6440,58,552,3.5,1144059322
6441,58,553,4.5,1144058934
6442,58,555,4.0,1144059103
6443,58,586,1.0,1144058627
6444,58,587,5.0,995610780
6445,58,589,5.0,974715017
6446,58,590,4.5,1144058385
6447,58,593,5.0,1011840555
6448,58,608,5.0,1011840488
6449,58,628,5.0,1011841282
6450,58,661,4.0,1144059619
6451,58,678,5.0,1011840555
6452,58,733,4.0,1011841955
6453,58,736,4.0,1144058504
6454,58,745,5.0,1011840408
6455,58,748,4.0,1011841725
6456,58,750,5.0,1144058810
6457,58,780,2.0,1144058415
6458,58,785,4.5,1144059556
6459,58,786,4.0,1011842230
6460,58,800,5.0,1144059836
6461,58,802,5.0,1144059218
6462,58,805,4.0,1144059371
6463,58,832,4.5,1144058991
6464,58,852,4.5,1144059427
6465,58,858,5.0,974714738
6466,58,898,3.0,1144060417
6467,58,903,5.0,1011840555
6468,58,904,5.0,1011840488
6469,58,908,5.0,1011840408
6470,58,913,5.0,1004586867
6471,58,920,5.0,974713587
6472,58,922,5.0,1004586897
6473,58,923,5.0,1144058970
6474,58,924,5.0,995610274
6475,58,950,5.0,1144061881
6476,58,953,5.0,1144059298
6477,58,954,5.0,1144061072
6478,58,965,5.0,1011840643
6479,58,968,4.0,1011843457
6480,58,969,4.5,1144059581
6481,58,994,5.0,1144060516
7000,59,1,4.5,1380400521
7001,59,50,4.0,1380400413
7002,59,318,4.5,1380400408
7003,59,333,2.0,1380400328
7004,59,342,4.5,1380400289
7005,59,355,1.0,1380400360
7006,59,356,4.0,1380400504
7007,59,471,3.5,1380400335
7008,59,585,1.0,1380400358
7009,59,858,4.5,1380400410
7025,60,31,4.0,1339651304
7026,60,157,4.5,1339653445
7027,60,256,2.0,1339651256
7028,60,277,2.5,1339651275
7029,60,296,3.5,1339652690
7030,60,318,4.5,1339652408
7031,60,364,4.5,1339653479
7032,60,441,4.5,1339651473
7033,60,527,4.5,1339652418
7034,60,531,3.5,1339651468
7035,60,585,1.5,1339651268
7036,60,593,3.5,1339652585
7037,60,720,3.5,1339651381
7038,60,724,3.0,1339651339
7039,60,745,4.0,1339652483
7097,61,4,3.0,1197068409
7098,61,31,3.5,1197164774
7099,61,39,5.0,1197065896
7100,61,44,1.5,1197052043
7101,61,47,4.0,1197063329
7102,61,141,3.5,1197163973
7103,61,147,4.0,1197164019
7104,61,170,3.0,1197052120
7105,61,193,0.5,1197052896
7106,61,215,2.0,1197164162
7107,61,231,3.0,1197163179
7108,61,256,0.5,1197052063
7109,61,261,1.0,1197052039
7110,61,296,4.5,1197063275
7111,61,327,0.5,1197052143
7112,61,339,2.5,1197164313
7113,61,344,0.5,1197063309
7114,61,356,3.0,1197063008
7115,61,364,4.5,1197063482
7116,61,380,0.5,1197063325
7117,61,407,4.5,1197052446
7118,61,441,5.0,1197066168
7119,61,457,2.5,1197063293
7120,61,480,3.5,1197163700
7121,61,500,3.5,1197064902
7122,61,588,4.0,1197063338
7123,61,593,4.5,1197063302
7124,61,648,3.5,1197164283
7125,61,724,0.5,1197052089
7126,61,778,5.0,1197052230
7291,62,170,5.0,1323638446
7292,62,218,5.0,1323640067
7293,62,277,4.0,1323638368
7294,62,318,5.0,1323640316
7295,62,342,4.0,1323638260
7296,62,345,4.5,1323638306
7297,62,608,4.5,1323640127
7298,62,785,3.5,1323638318
7318,63,41,4.0,941927859
7319,63,110,3.0,941927859
7320,63,155,4.0,941928085
7321,63,356,4.0,941927859
7322,63,389,3.0,941927947
7323,63,527,5.0,941927859
7324,63,750,5.0,941927859
7325,63,897,4.0,941927754
7326,63,912,5.0,941927754
7327,63,920,5.0,941928085
7328,63,969,5.0,941927859
7329,63,976,1.0,941928085
7367,64,47,5.0,847390312
7368,64,110,5.0,847390273
7369,64,150,5.0,847390169
7370,64,153,5.0,847390189
7371,64,168,4.0,847390344
7372,64,185,5.0,847390253
7373,64,231,1.0,847390214
7374,64,253,5.0,847390273
7375,64,288,4.0,847390273
7376,64,292,5.0,847390233
7377,64,316,4.0,847390214
7378,64,318,5.0,847390233
7379,64,329,5.0,847390233
7380,64,339,4.0,847390253
7381,64,344,3.0,847390189
7382,64,349,5.0,847390214
7383,64,356,4.0,847390214
7384,64,364,5.0,847390312
7385,64,367,3.0,847390312
7386,64,377,4.0,847390312
7387,64,434,3.0,847390233
7388,64,454,5.0,847390273
7389,64,457,4.0,847390189
7390,64,480,5.0,847390233
7391,64,500,3.0,847390312
7392,64,527,5.0,847390344
7393,64,588,4.0,847390189
7394,64,589,4.0,847390273
7395,64,590,5.0,847390169
7396,64,592,5.0,847390169
7397,64,595,5.0,847390214
7398,64,736,5.0,847390344
7399,65,24,4.0,1303761125
7400,65,318,5.0,1303761916
7401,65,356,5.0,1303761837
7402,65,364,4.5,1303762839
7403,65,443,4.0,1304958796
7404,65,480,3.0,1303762538
7405,65,541,4.0,1303762339
7406,65,588,5.0,1303762707
7477,66,1,4.0,940421847
7478,66,21,5.0,940420907
7479,66,34,4.0,940421677
7480,66,110,5.0,940420997
7481,66,112,4.0,940421298
7482,66,223,5.0,940421999
7483,66,232,4.0,940421848
7484,66,288,3.0,940420907
7485,66,322,4.0,940422096
7486,66,329,2.0,940421298
7487,66,340,1.0,940421345
7488,66,356,5.0,940421767
7489,66,380,4.0,940421439
7490,66,434,3.0,940421439
7491,66,480,2.0,940420907
7492,66,543,3.0,940422096
7493,66,589,4.0,940420908
7494,66,590,4.0,940421192
7495,66,733,4.0,940421298
7496,66,736,2.0,940421438
7497,66,745,5.0,940421847
7529,67,10,4.0,944931223
7530,67,25,5.0,944932754
7531,67,39,3.0,944932699
7532,67,69,4.0,944931594
7533,67,110,4.0,944930562
7534,67,151,5.0,944932846
7535,67,260,5.0,944930841
7536,67,357,3.0,944932626
7537,67,380,4.0,944932699
7538,67,541,4.0,944933017
7539,67,590,5.0,944930925
7540,67,616,3.0,944930614
7541,67,708,4.0,944932700
7542,67,733,5.0,944931223
7543,67,750,5.0,944933017
7544,67,912,5.0,944932218
7545,67,914,3.0,944932264
7546,67,924,4.0,944933017
7547,67,976,4.0,944932499
7595,68,10,4.0,831051086
7596,68,19,3.0,831051251
7597,68,34,5.0,831051205
7598,68,150,3.0,831051043
7599,68,153,3.0,831051086
7600,68,158,3.0,831051338
7601,68,185,3.0,831051182
7602,68,195,4.0,831051692
7603,68,208,4.0,831051160
7604,68,231,3.0,831051138
7605,68,237,3.0,831051424
7606,68,248,3.0,831051466
7607,68,256,3.0,831051424
7608,68,261,4.0,831051308
7609,68,276,3.0,831051439
7610,68,282,4.0,831051251
7611,68,296,4.0,831051043
7612,68,300,3.0,831051160
7613,68,316,3.0,831051110
7614,68,329,3.0,831051138
7615,68,333,3.0,831051439
7616,68,337,5.0,831051286
7617,68,339,3.0,831051138
7618,68,344,4.0,831051086
7619,68,348,4.0,831051424
7620,68,432,3.0,831051227
7621,68,435,4.0,831051286
7622,68,468,4.0,831051439
7623,68,588,3.0,831051086
7624,68,590,5.0,831051043
7625,68,592,3.0,831051043
7626,68,595,3.0,831051110
7627,69,1,4.0,866811171
7628,69,5,3.0,866811204
7629,69,6,4.0,866811204
7630,69,9,3.0,866811363
7631,69,10,3.0,866814180
7632,69,11,3.0,866812438
7633,69,12,3.0,866811363
7634,69,15,1.0,866814366
7635,69,16,3.0,866816607
7636,69,18,3.0,866811536
7637,69,19,4.0,866813129
7638,69,20,2.0,866814335
7639,69,21,3.0,866812314
7640,69,22,3.0,866813790
7641,69,25,3.0,866811172
7642,69,32,5.0,866811171
7643,69,39,2.0,866812525
7644,69,44,3.0,866814201
7645,69,45,1.0,866812525
7646,69,47,5.0,866814064
7647,69,50,4.0,866813601
7648,69,62,3.0,866811172
7649,69,63,3.0,866811581
7650,69,70,4.0,866813129
7651,69,79,1.0,866813838
7652,69,81,3.0,866811581
7653,69,88,3.0,866811498
7654,69,94,3.0,866811536
7655,69,95,3.0,866811172
7656,69,104,3.0,866811266
7657,69,107,3.0,866813359
7658,69,110,3.0,866814130
7659,69,111,4.0,866813601
7660,69,112,3.0,866811266
7661,69,122,3.0,866813129
7662,69,125,4.0,866812314
7663,69,135,2.0,866811310
7664,69,145,4.0,866814201
7665,69,147,4.0,866816692
7666,69,150,3.0,867159640
7667,69,153,3.0,866814180
7668,69,160,3.0,866813976
7669,69,163,4.0,866812573
7670,69,165,4.0,866814154
7671,69,168,3.0,866814366
7672,69,172,1.0,866813948
7673,69,173,2.0,866814335
7674,69,175,3.0,866816670
7675,69,177,3.0,866813900
7676,69,180,3.0,866812462
7677,69,185,1.0,866813928
7678,69,186,3.0,866813405
7679,69,188,3.0,866814451
7680,69,196,3.0,866813962
7681,69,203,2.0,866813211
7682,69,208,1.0,866813948
7683,69,216,3.0,866812484
7684,69,223,3.0,866812438
7685,69,231,3.0,866812556
7686,69,234,1.0,866813187
7687,69,235,2.0,866813187
7688,69,248,3.0,866813129
7689,69,252,3.0,866812985
7690,69,253,4.0,866814521
7691,69,260,5.0,866811204
7692,69,265,1.0,866815494
7693,69,266,4.0,866816237
7694,69,273,1.0,866813837
7695,69,288,3.0,866813962
7696,69,293,3.0,866813641
7697,69,296,4.0,866812828
7698,69,303,1.0,866814306
7699,69,306,4.0,866815408
7700,69,307,4.0,867158783
7701,69,308,4.0,866815425
7702,69,312,2.0,866813383
7703,69,316,3.0,866814278
7704,69,317,2.0,866813291
7705,69,318,4.0,866816578
7706,69,327,3.0,866813211
7707,69,330,1.0,866813309
7708,69,332,3.0,866814547
7709,69,333,3.0,866812363
7710,69,338,2.0,866813867
7711,69,339,3.0,866813150
7712,69,342,3.0,866813359
7713,69,344,4.0,866812339
7714,69,349,3.0,866813690
7715,69,353,4.0,866814129
7716,69,355,1.0,866813486
7717,69,356,4.0,866816579
7718,69,357,3.0,866812542
7719,69,364,4.0,866815169
7720,69,367,3.0,866812339
7721,69,368,1.0,866812929
7722,69,370,3.0,866813291
7723,69,372,3.0,866812438
7724,69,377,2.0,866814180
7725,69,379,3.0,866814278
7726,69,380,4.0,866814247
7727,69,383,3.0,866814278
7728,69,384,3.0,866814247
7729,69,410,3.0,866813524
7730,69,413,1.0,866813330
7731,69,417,3.0,866812392
7732,69,419,2.0,866813502
7733,69,423,3.0,866813838
7734,69,426,3.0,866813837
7735,69,427,3.0,866813928
7736,69,429,3.0,866813422
7737,69,440,3.0,866812393
7738,69,441,3.0,866812898
7739,69,454,3.0,866813900
7740,69,457,4.0,866813601
7741,69,464,3.0,866813867
7742,69,466,3.0,866813383
7743,69,471,4.0,866816579
7744,69,473,2.0,866813330
7745,69,474,4.0,866813662
7746,69,479,2.0,866813900
7747,69,480,4.0,866814064
7748,69,482,3.0,866813690
7749,69,485,3.0,866814366
7750,69,494,3.0,866811204
7751,69,500,3.0,866812542
7752,69,519,3.0,866814387
7753,69,520,3.0,866813383
7754,69,533,2.0,866814278
7755,69,539,3.0,866812438
7756,69,540,3.0,866813900
7757,69,543,3.0,866812484
7758,69,544,3.0,866814247
7759,69,546,1.0,866814387
7760,69,550,3.0,866812898
7761,69,551,4.0,866814639
7762,69,552,2.0,866813040
7763,69,553,3.0,866813739
7764,69,555,4.0,866814153
7765,69,585,3.0,866813330
7766,69,586,3.0,866813291
7767,69,587,3.0,866816184
7768,69,588,4.0,866815072
7769,69,589,5.0,866814062
7770,69,590,3.0,866816184
7771,69,592,4.0,866814130
7772,69,593,4.0,866813601
7773,69,595,3.0,866815169
7774,69,596,4.0,867159681
7775,69,597,3.0,866816237
7776,69,606,2.0,866814583
7777,69,608,3.0,866811204
7778,69,637,1.0,866813150
7779,69,648,4.0,866811171
7780,69,653,2.0,866811266
7781,69,661,4.0,866811332
7782,69,662,3.0,866811581
7783,69,663,3.0,866811560
7784,69,673,3.0,866811363
7785,69,688,1.0,866813486
7786,69,694,3.0,866811560
7787,69,708,3.0,866811265
7788,69,719,4.0,866811332
7789,69,724,3.0,866811363
7790,69,731,3.0,866811739
7791,69,733,4.0,866811204
7792,69,735,3.0,866811802
7793,69,736,3.0,866811171
7794,69,743,2.0,866811332
7795,69,747,2.0,866811536
7796,69,748,3.0,866811497
7797,69,762,3.0,866811310
7798,69,778,4.0,866811332
7799,69,780,4.0,866811171
7800,69,784,4.0,866811266
7801,69,785,3.0,866811392
7802,69,786,3.0,866811204
7803,69,788,3.0,866811265
7804,69,799,3.0,866811560
7805,69,818,3.0,866811560
7806,69,829,3.0,866811638
7807,69,836,3.0,866811581
7808,69,839,1.0,866811536
7809,69,842,3.0,866811596
7810,69,849,3.0,866811536
7811,69,861,3.0,866814130
7812,69,880,2.0,866811536
7813,69,881,2.0,866813330
7814,69,891,3.0,866814562
7815,69,953,3.0,867159077
7816,69,990,3.0,866813900
7817,69,999,3.0,866811638
7900,70,6,5.0,1020294335
7901,70,10,2.0,1020294489
7902,70,16,5.0,1020294021
7903,70,70,4.0,1020294629
7904,70,89,3.0,1020294629
7905,70,110,3.0,1020294021
7906,70,111,4.0,1020292966
7907,70,165,1.0,1020294665
7908,70,288,5.0,1020294454
7909,70,296,5.0,1020293576
7910,70,318,4.0,1020293857
7911,70,329,1.0,1020294744
7912,70,353,4.0,1020294404
7913,70,368,2.0,1020294629
7914,70,377,2.0,1020294362
7915,70,380,2.0,1020294489
7916,70,428,2.0,1020293949
7917,70,479,3.0,1020294763
7918,70,480,3.0,1020294404
7919,70,493,4.0,1020294404
7920,70,494,1.0,1020294744
7921,70,507,3.0,1020294665
7922,70,527,4.0,1020293091
7923,70,548,1.0,1020294880
7924,70,555,5.0,1020294335
7925,70,589,4.0,1020294297
7926,70,593,4.0,1020292907
7927,70,608,3.0,1020293604
7928,70,733,2.0,1020294529
7929,70,736,1.0,1020294880
7930,70,778,4.0,1020293901
7931,70,780,2.0,1020294744
7932,70,806,3.0,1020294205
7933,70,858,5.0,1020293108
7934,70,886,2.0,1020294529
8016,71,318,5.0,1417454015
8017,71,356,5.0,1417454218
8061,72,19,3.5,1199066412
8062,72,32,5.0,1199066206
8063,72,34,4.0,1199066240
8064,72,58,4.0,1199066714
8065,72,95,3.0,1199066317
8066,72,110,5.0,1199066179
8067,72,150,4.0,1199066183
8068,72,236,4.5,1199066711
8069,72,253,3.0,1199066284
8070,72,296,5.0,1199066166
8071,72,337,4.5,1199066514
8072,72,356,4.5,1199066170
8073,72,357,4.0,1199066279
8074,72,380,5.0,1199066195
8075,72,420,0.5,1199066577
8076,72,500,4.0,1199066247
8077,72,508,5.0,1199066444
8078,72,541,5.0,1199066338
8079,72,586,2.0,1199066331
8080,72,590,4.5,1199066189
8081,72,593,5.0,1199066173
8082,72,597,2.0,1199066244
8083,72,608,5.0,1199066209
8084,72,788,0.5,1199066432
8085,72,919,4.0,1199066384
8086,72,924,4.0,1199066388
8087,72,953,4.5,1199066739
8145,73,17,3.0,963032040
8146,73,34,5.0,963031470
8147,73,50,4.0,963030393
8148,73,55,5.0,963031872
8149,73,110,5.0,963029978
8150,73,111,4.0,963032487
8151,73,150,5.0,963030463
8152,73,246,4.0,963031020
8153,73,260,3.0,963030995
8154,73,262,4.0,963031842
8155,73,296,5.0,963030359
8156,73,314,3.0,963031212
8157,73,318,5.0,963030316
8158,73,329,1.0,963032742
8159,73,457,3.0,963031553
8160,73,509,3.0,963031578
8161,73,527,5.0,963030359
8162,73,529,5.0,963030445
8163,73,590,5.0,963032040
8164,73,593,2.0,963030393
8165,73,595,4.0,963031911
8166,73,608,5.0,963030359
8167,73,736,2.0,963032613
8168,73,778,2.0,963031499
8169,73,858,4.0,963030904
8170,73,862,3.0,963029852
8171,73,866,2.0,963031911
8172,73,899,2.0,963032516
8173,73,902,3.0,963029903
8174,73,909,3.0,963032064
8175,73,919,3.0,963030995
8176,73,920,4.0,963031523
8177,73,921,2.0,963033281
8178,73,922,3.0,963031842
8179,73,923,4.0,963031236
8180,73,924,3.0,963033107
8181,73,926,4.0,963031939
8182,73,954,4.0,963031816
8332,74,25,5.0,979081540
8333,74,36,4.0,979081177
8334,74,58,5.0,979081244
8335,74,229,4.0,979053825
8336,74,260,4.0,979081393
8337,74,262,4.0,979081598
8338,74,337,4.0,979081070
8339,74,608,5.0,979080958
8340,74,778,4.0,979081372
8341,74,800,4.0,979081188
8342,74,858,5.0,979053865
8343,74,903,5.0,979080724
8344,74,904,4.0,979081038
8345,74,910,5.0,979080958
8346,74,912,4.0,979080412
8347,74,913,5.0,979080724
8348,74,930,5.0,979081155
8349,74,949,4.0,979080856
8399,75,3,3.0,836314332
8400,75,10,4.0,836312092
8401,75,21,4.0,836312767
8402,75,39,5.0,836314231
8403,75,62,4.0,836315018
8404,75,89,3.0,836312766
8405,75,150,5.0,836311824
8406,75,153,4.0,836311868
8407,75,161,5.0,836312015
8408,75,165,4.0,836315788
8409,75,185,3.0,836315807
8410,75,204,3.0,836312793
8411,75,252,3.0,836314123
8412,75,257,3.0,836315753
8413,75,276,3.0,836314206
8414,75,280,4.0,836313961
8415,75,292,4.0,836312015
8416,75,296,3.0,836315925
8417,75,316,3.0,836315807
8418,75,318,5.0,836311956
8419,75,329,4.0,836311956
8420,75,349,4.0,836311868
8421,75,350,3.0,836315754
8422,75,356,5.0,836312244
8423,75,377,4.0,836312525
8424,75,380,5.0,836311827
8425,75,434,4.0,836312015
8426,75,454,4.0,836315004
8427,75,457,4.0,836312091
8428,75,474,5.0,836312636
8429,75,480,4.0,836315004
8430,75,500,4.0,836315018
8431,75,516,3.0,836315788
8432,75,544,3.0,836315788
8433,75,553,4.0,836313980
8434,75,586,4.0,836314206
8435,75,589,5.0,836312657
8436,75,590,4.0,836311823
8437,75,592,2.0,836311822
8438,75,593,5.0,836312015
8439,75,648,4.0,836312636
8440,75,653,4.0,836312656
8441,75,733,5.0,836312525
8442,75,736,3.0,836312525
8443,75,780,4.0,837192946
8444,75,786,5.0,836312461
8445,75,788,4.0,837192983
8446,76,47,4.0,978406172
8447,76,110,4.0,978405781
8448,76,316,2.0,978405972
8449,76,480,4.0,978405949
8450,76,541,4.0,978406334
8451,76,692,1.0,978406020
8452,76,880,2.0,978406048
8453,76,921,4.0,978406529
8495,77,19,2.0,1341391767
8496,77,32,3.5,1341391442
8497,77,44,1.5,1341391251
8498,77,70,3.0,1341391234
8499,77,158,2.0,1341391226
8500,77,256,1.5,1341391303
8501,77,260,4.5,1341428894
8502,77,333,2.0,1341391253
8503,77,344,2.5,1341391765
8504,77,410,3.0,1341391796
8505,77,541,5.0,1341428784
8506,77,585,0.5,1341391307
8507,77,588,3.5,1341391940
8508,77,596,4.0,1341391197
8509,77,741,4.0,1341428672
8510,77,750,5.0,1341428802
8511,77,912,4.5,1341428808
8512,77,924,5.0,1341391497
8595,78,29,4.0,976182189
8596,78,110,3.0,976183060
8597,78,170,4.0,976181921
8598,78,198,5.0,976182472
8599,78,260,5.0,976182078
8600,78,316,3.0,976182418
8601,78,380,3.0,976182275
8602,78,480,4.0,976182364
8603,78,508,4.0,976181921
8604,78,541,5.0,976181921
8605,78,589,4.0,976183060
8606,78,653,4.0,976182418
8651,79,110,4.0,1017924740
8652,79,497,4.0,1017924740
8653,79,593,4.0,1017924766
8654,79,858,4.0,1017924720
8655,79,912,3.0,1017924808
8676,80,1,3.0,858458513
8677,80,3,3.0,858458563
8678,80,7,3.0,858458563
8679,80,36,4.0,858458563
8680,80,62,4.0,858458514
8681,80,74,4.0,858458699
8682,80,102,3.0,858458790
8683,80,140,3.0,858458663
8684,80,141,4.0,858458514
8685,80,260,5.0,858458592
8686,80,376,4.0,858458592
8687,80,608,4.0,858458563
8688,80,648,3.0,858458513
8689,80,708,4.0,858458592
8690,80,719,2.0,858458663
8691,80,780,2.0,858458513
8692,80,832,4.0,858458663
8693,80,837,3.0,858458895
8701,81,356,5.0,992161033
8702,81,480,4.0,992160326
8703,81,593,5.0,992160298
8704,81,780,5.0,992161078
8705,81,920,5.0,992160455
8724,82,1,5.0,1317331523
8725,82,16,4.5,1317332219
8726,82,47,5.0,1317331199
8727,82,50,5.0,1317331232
8728,82,97,4.5,1317332936
8729,82,110,5.0,1317249079
8730,82,111,4.5,1317332073
8731,82,180,4.0,1317333958
8732,82,223,4.5,1317332568
8733,82,318,5.0,1317249000
8734,82,522,4.0,1317333259
8735,82,541,5.0,1317331248
8736,82,586,3.5,1317334330
8737,82,608,4.5,1317249353
8738,82,778,5.0,1317331464
8739,82,832,3.5,1317334659
8740,82,912,5.0,1317331448
8741,82,924,4.5,1317332252
8742,82,953,5.0,1317331576
8994,83,50,4.0,1112724121
8995,83,163,3.5,1112724049
8996,83,282,2.5,1112724069
8997,83,293,4.0,1112724234
8998,83,296,5.0,1112724196
8999,83,337,3.0,1112724253
9000,83,342,3.5,1112724065
9001,83,593,4.0,1112724153
9002,83,608,4.5,1112724242
9031,84,1,5.0,832543433
9032,84,24,4.0,832543228
9033,84,44,4.0,832543360
9034,84,150,5.0,832542977
9035,84,153,4.0,832543396
9036,84,165,5.0,832543414
9037,84,174,3.0,832543141
9038,84,185,5.0,832543449
9039,84,196,5.0,832543526
9040,84,208,3.0,832543292
9041,84,231,3.0,832543433
9042,84,253,5.0,832543449
9043,84,288,3.0,832543462
9044,84,316,4.0,832543414
9045,84,317,3.0,832543473
9046,84,325,4.0,832543117
9047,84,329,3.0,832543414
9048,84,337,3.0,832543512
9049,84,344,3.0,832543396
9050,84,350,4.0,832543831
9051,84,367,5.0,832543175
9052,84,380,4.0,832542977
9053,84,410,5.0,832543462
9054,84,420,3.0,832543486
9055,84,432,4.0,832543498
9056,84,434,4.0,832543433
9057,84,435,4.0,832543498
9058,84,440,4.0,832543192
9059,84,457,5.0,832543561
9060,84,520,4.0,832543716
9061,84,553,4.0,832543334
9062,84,588,5.0,832543397
9063,84,590,5.0,832542977
9064,84,592,3.0,832542977
9065,84,595,4.0,832543414
9066,84,736,5.0,832543599
9067,85,17,4.5,1400428326
9068,85,262,4.5,1400427398
9069,85,596,3.5,1400427607
9070,85,899,5.0,1400427973
9071,85,904,4.0,1400427537
9072,85,911,5.0,1400427893
9073,85,912,4.0,1400427541
9074,85,916,5.0,1400427830
9075,85,919,3.5,1400427843
9076,85,933,4.5,1400428031
9077,85,945,5.0,1400427921
9078,85,950,5.0,1400427671
9136,86,158,2.0,1224694843
9137,86,260,4.5,1224695990
9138,86,318,5.0,1224695959
9139,86,671,3.0,1224695161
9140,86,858,4.0,1224695889
9175,87,11,3.0,831889948
9176,87,19,1.0,831889948
9177,87,21,3.0,831889898
9178,87,50,5.0,831889928
9179,87,111,3.0,831889928
9180,87,141,4.0,831889983
9181,87,150,4.0,831889798
9182,87,153,3.0,831889822
9183,87,161,3.0,831889865
9184,87,165,3.0,831889843
9185,87,185,3.0,831889884
9186,87,225,3.0,831889898
9187,87,230,5.0,831890042
9188,87,236,3.0,831889964
9189,87,252,3.0,831889983
9190,87,265,4.0,831889983
9191,87,266,1.0,831889911
9192,87,292,3.0,831889884
9193,87,296,1.0,831889798
9194,87,300,3.0,831889884
9195,87,315,1.0,831889964
9196,87,316,3.0,831889842
9197,87,318,4.0,831889822
9198,87,337,3.0,831889964
9199,87,339,2.0,831889865
9200,87,344,1.0,831889822
9201,87,349,4.0,831889822
9202,87,380,3.0,831889798
9203,87,432,1.0,831889928
9204,87,434,2.0,831889865
9205,87,457,5.0,831890042
9206,87,588,1.0,831889822
9207,87,590,3.0,831889798
9208,87,592,2.0,831889798
9209,87,593,5.0,831890042
9210,88,2,1.0,1098277938
9211,88,7,1.0,1098277931
9212,88,16,4.0,1098277350
9213,88,17,2.5,1098277936
9214,88,19,2.0,1098698358
9215,88,21,2.5,1098698378
9216,88,22,1.0,1098277881
9217,88,32,3.5,1098277887
9218,88,48,1.5,1098698318
9219,88,58,4.0,1098277390
9220,88,110,2.5,1098698237
9221,88,112,2.0,1098277360
9222,88,151,0.5,1098277355
9223,88,153,1.0,1098277907
9224,88,172,1.0,1098698325
9225,88,196,1.0,1098277905
9226,88,208,0.5,1098698323
9227,88,235,4.0,1098277863
9228,88,236,1.0,1098277382
9229,88,260,2.5,1098277653
9230,88,293,4.0,1098277896
9231,88,315,0.5,1098698313
9232,88,345,1.5,1098277876
9233,88,348,3.5,1098277901
9234,88,370,1.0,1098277867
9235,88,420,0.5,1098277890
9236,88,432,0.5,1098277353
9237,88,442,2.0,1098698310
9238,88,494,1.0,1098277869
9239,88,500,1.5,1098277845
9240,88,543,0.5,1098277797
9241,88,586,1.5,1098698338
9242,88,588,3.0,1098697892
9243,88,736,1.0,1098277822
9244,88,784,3.0,1098277819
9245,88,785,2.0,1098698286
9246,88,802,1.0,1098698289
9247,88,832,0.5,1098277392
9248,88,852,0.5,1098277831
9249,88,858,4.5,1098277807
9250,88,903,3.0,1098698253
9251,88,908,3.0,1098277387
9252,88,912,4.0,1098698262
9253,88,923,4.0,1098277377
9254,88,924,4.0,1098277837
9255,88,953,2.0,1098698266
9256,88,969,4.0,1098277840
9373,89,111,5.0,985557828
9374,89,318,5.0,985559063
9375,89,527,4.0,985559307
9376,89,637,2.0,985557009
9377,89,715,5.0,985559129
9378,89,858,5.0,985557914
9379,89,920,4.0,985557075
9494,90,1,3.5,1127866527
9495,90,10,3.5,1169227083
9496,90,34,4.0,1169227115
9497,90,39,2.0,1127866623
9498,90,47,4.5,1169226923
9499,90,104,3.0,1127866577
9500,90,110,3.0,1169226535
9501,90,141,4.0,1169227406
9502,90,150,3.5,1169226583
9503,90,153,3.0,1169226954
9504,90,216,2.0,1127866620
9505,90,253,4.5,1169227221
9506,90,260,3.5,1169226613
9507,90,296,3.5,1127866288
9508,90,316,3.5,1169226943
9509,90,318,4.0,1169226988
9510,90,329,4.5,1169227094
9511,90,333,2.0,1127866587
9512,90,344,3.5,1169226879
9513,90,356,5.0,1127866325
9514,90,364,4.5,1169227052
9515,90,367,3.5,1169227280
9516,90,377,2.5,1169226972
9517,90,380,4.5,1169226939
9518,90,480,3.5,1127866339
9519,90,500,4.0,1169227031
9520,90,588,3.0,1169226632
9521,90,589,3.0,1169226900
9522,90,590,4.5,1169226579
9523,90,592,4.0,1169226800
9524,90,593,3.5,1169226558
9525,90,595,4.5,1169226915
9526,90,597,3.5,1127866570
9527,90,608,3.5,1169226658
9528,90,733,3.5,1169227034
9621,91,1,4.0,1111531562
9622,91,2,3.5,1112061358
9623,91,3,3.0,1111531392
9624,91,7,2.5,1121674151
9625,91,10,4.0,1121673543
9626,91,11,4.0,1121673675
9627,91,19,2.0,1126507572
9628,91,21,4.0,1111549017
9629,91,22,4.0,1126507891
9630,91,24,3.5,1113201637
9631,91,32,4.0,1112052190
9632,91,41,5.0,1111557986
9633,91,45,3.5,1126508177
9634,91,47,4.0,1111557501
9635,91,48,3.5,1126507773
9636,91,50,3.5,1111531736
9637,91,62,3.5,1121673658
9638,91,104,4.0,1111531396
9639,91,110,5.0,1111531540
9640,91,141,3.5,1121673629
9641,91,145,2.5,1126508181
9642,91,150,3.5,1121673357
9643,91,151,4.0,1113202905
9644,91,153,3.0,1121673513
9645,91,160,1.0,1121674139
9646,91,161,3.5,1111558014
9647,91,163,3.0,1126507697
9648,91,165,3.5,1121673518
9649,91,168,2.5,1126507776
9650,91,172,2.5,1126507720
9651,91,173,3.0,1121674412
9652,91,185,2.5,1121673621
9653,91,186,2.5,1126507767
9654,91,196,1.5,1126507658
9655,91,208,1.5,1121673625
9656,91,223,1.5,1121673679
9657,91,231,2.0,1121673538
9658,91,235,3.5,1111531383
9659,91,237,2.5,1126508472
9660,91,252,2.5,1126507863
9661,91,253,3.0,1121673618
9662,91,256,1.5,1126508306
9663,91,260,4.5,1111531731
9664,91,261,3.5,1126508221
9665,91,266,3.5,1111531335
9666,91,272,3.5,1126508258
9667,91,273,3.0,1126508435
9668,91,292,4.0,1121673548
9669,91,296,3.5,1111549502
9670,91,300,3.5,1121673663
9671,91,316,4.0,1113201558
9672,91,317,3.5,1112061392
9673,91,318,4.0,1111531554
9674,91,329,3.5,1113201619
9675,91,333,2.5,1126508192
9676,91,339,2.5,1121673633
9677,91,342,3.5,1126507735
9678,91,344,2.5,1121673501
9679,91,345,4.0,1126507897
9680,91,349,3.0,1121673507
9681,91,350,2.5,1121674121
9682,91,353,3.5,1121674145
9683,91,355,2.5,1126508300
9684,91,356,4.0,1111557950
9685,91,357,4.5,1121673610
9686,91,362,3.5,1111559404
9687,91,364,4.5,1111558548
9688,91,367,2.5,1112061341
9689,91,368,3.5,1111531340
9690,91,370,2.5,1126507635
9691,91,372,3.5,1126508442
9692,91,376,2.5,1126507621
9693,91,377,2.5,1121673459
9694,91,380,3.0,1121673441
9695,91,410,2.5,1121673710
9696,91,416,2.0,1111549186
9697,91,420,2.5,1126507582
9698,91,432,3.0,1121674418
9699,91,434,3.0,1121673607
9700,91,435,2.5,1121674394
9701,91,440,4.0,1121673671
9702,91,442,3.0,1111531316
9703,91,454,2.0,1121673613
9704,91,457,3.5,1111531794
9705,91,466,2.0,1111558161
9706,91,468,3.5,1126508397
9707,91,473,2.0,1111558088
9708,91,474,3.5,1121673687
9709,91,475,4.5,1126508320
9710,91,480,3.5,1113201409
9711,91,485,2.0,1126507797
9712,91,497,4.0,1111531401
9713,91,500,4.0,1121673535
9714,91,508,4.5,1121673724
9715,91,520,3.0,1126507740
9716,91,527,4.5,1111549269
9717,91,539,3.5,1121673604
9718,91,543,3.0,1126507746
9719,91,553,4.5,1111531404
9720,91,585,3.0,1126508249
9721,91,586,3.0,1126507551
9722,91,587,2.5,1121673551
9723,91,589,2.5,1111549412
9724,91,590,4.5,1111558453
9725,91,592,4.0,1121673331
9726,91,593,3.0,1111549286
9727,91,594,3.5,1111531346
9728,91,596,3.0,1111966806
9729,91,597,3.0,1121673529
9730,91,608,3.5,1111559506
9731,91,648,3.0,1121673477
9732,91,653,3.5,1111531378
9733,91,688,2.5,1111558125
9734,91,708,2.0,1121673746
9735,91,714,1.0,1121736005
9736,91,720,4.0,1111549318
9737,91,724,2.5,1126508447
9738,91,733,3.5,1121673526
9739,91,736,3.0,1121673523
9740,91,745,4.0,1111557589
9741,91,750,4.0,1111557554
9742,91,778,4.0,1121674123
9743,91,780,3.0,1113201577
9744,91,784,3.5,1121675005
9745,91,786,2.5,1121673735
9746,91,799,3.5,1112051983
9747,91,802,3.0,1126507650
9748,91,832,3.5,1121674415
9749,91,852,2.5,1126507847
9750,91,858,5.0,1111549289
9751,91,899,3.0,1111557403
9752,91,902,4.5,1126508291
9753,91,903,2.5,1113202032
9754,91,904,4.5,1111549446
9755,91,910,4.5,1111559527
9756,91,911,4.5,1111966977
9757,91,914,4.0,1111558536
9758,91,916,4.0,1113202041
9759,91,919,3.5,1111558523
9760,91,924,2.5,1112052222
9761,91,953,4.5,1113201840
9762,91,965,4.0,1113201771
9763,91,969,4.0,1111557970
9764,91,971,3.5,1113202079
10287,92,162,5.0,1049776382
10288,92,203,2.0,1049782371
10289,92,236,3.0,1049776343
10290,92,613,4.0,1049782386
10319,93,1,5.0,835037871
10320,93,19,4.0,835037921
10321,93,22,5.0,835038453
10322,93,62,5.0,838855653
10323,93,73,5.0,835040242
10324,93,107,5.0,835038935
10325,93,150,5.0,835037740
10326,93,153,2.0,835037772
10327,93,160,3.0,835037957
10328,93,165,2.0,835037771
10329,93,231,5.0,835037840
10330,93,253,1.0,835037871
10331,93,267,3.0,835038759
10332,93,277,4.0,835038270
10333,93,312,4.0,835039232
10334,93,316,5.0,835037840
10335,93,317,4.0,835037902
10336,93,329,5.0,835037840
10337,93,333,4.0,835038242
10338,93,344,5.0,835037771
10339,93,345,3.0,835038975
10340,93,355,4.0,835038573
10341,93,356,3.0,835038082
10342,93,362,3.0,835038805
10343,93,364,4.0,835038069
10344,93,367,5.0,835038069
10345,93,370,5.0,835038776
10346,93,380,3.0,835037740
10347,93,410,3.0,835037888
10348,93,419,4.0,835039005
10349,93,420,3.0,835037921
10350,93,432,3.0,835037957
10351,93,435,4.0,835038069
10352,93,466,4.0,835038788
10353,93,480,5.0,835038103
10354,93,485,5.0,835038759
10355,93,491,5.0,835038776
10356,93,500,5.0,835038271
10357,93,519,3.0,835039140
10358,93,520,5.0,835038818
10359,93,531,5.0,835038885
10360,93,551,4.0,835038290
10361,93,552,4.0,835038619
10362,93,585,4.0,835038489
10363,93,586,2.0,835038466
10364,93,587,5.0,835038453
10365,93,588,2.0,835037771
10366,93,589,3.0,835038229
10367,93,590,3.0,835037740
10368,93,592,3.0,835037740
10369,93,595,3.0,835037840
10370,93,597,3.0,835038453
10371,93,637,3.0,835038935
10372,93,743,5.0,835039329
10373,93,802,5.0,838855614
10374,94,44,1.0,1115743133
10375,94,150,4.0,1115743302
10376,94,266,3.5,1115743221
10377,94,368,3.0,1115743217
10378,94,903,4.0,1115743085
10400,95,31,3.0,845193994
10401,95,32,4.0,845193920
10402,95,46,4.0,845193748
10403,95,47,3.0,845193572
10404,95,73,4.0,845193710
10405,95,106,5.0,845193398
10406,95,232,4.0,845193819
10407,95,262,3.0,845193710
10408,95,265,3.0,845193572
10409,95,280,3.0,845193667
10410,95,296,2.0,845193344
10411,95,364,3.0,845193920
10412,95,446,3.0,845193888
10413,95,475,4.0,845193960
10414,95,497,3.0,845193960
10415,95,531,3.0,845193572
10416,95,534,5.0,845193920
10417,95,587,3.0,845193819
10418,95,590,3.0,845193343
10419,95,592,3.0,845193343
10420,95,594,3.0,845193888
10421,95,647,3.0,845193994
10422,95,708,4.0,845193667
10425,96,1,3.5,1366893952
10426,96,3,4.0,1371089927
10427,96,29,4.0,1366893885
10428,96,32,4.0,1366824488
10429,96,47,4.0,1421554047
10430,96,50,3.0,1366896241
10431,96,260,4.0,1366896440
10432,96,262,4.0,1366739913
10433,96,293,4.5,1421545707
10434,96,296,4.5,1366893508
10435,96,318,4.5,1366822451
10436,96,355,2.5,1388601084
10437,96,356,3.5,1366896122
10438,96,367,2.0,1416832066
10439,96,408,3.0,1377889419
10440,96,457,4.0,1366824897
10441,96,480,3.5,1366894085
10442,96,524,3.0,1388600775
10443,96,527,4.0,1416832005
10444,96,541,5.0,1366822685
10445,96,551,4.0,1366824952
10446,96,586,3.5,1371089511
10447,96,588,3.5,1371089080
10448,96,590,3.5,1388600684
10449,96,593,4.5,1366822597
10450,96,608,3.0,1416832046
10451,96,741,4.0,1366824424
10452,96,750,3.0,1366896336
10453,96,778,3.0,1366896251
10454,96,858,3.0,1388600866
10455,96,908,2.5,1388601044
10456,96,910,3.5,1388600541
10457,96,912,3.5,1366896172
10458,96,915,2.0,1413323833
10459,96,923,3.5,1366896165
10460,96,924,3.0,1376678217
10874,97,1,4.0,974597765
10875,97,52,4.0,974598017
10876,97,356,5.0,974597820
10877,97,440,4.0,974597852
10878,97,455,3.0,974597381
10879,97,500,4.0,974598139
10880,97,539,3.0,974598017
10881,97,569,3.0,974598224
10882,97,585,1.0,974598224
10883,97,587,3.0,974598074
10884,97,785,2.0,974598097
10885,97,918,3.0,974597316
10913,98,6,4.0,1357933595
10914,98,47,4.5,1357932885
10915,98,296,4.5,1357932749
10916,98,356,5.0,1357932931
10917,98,541,4.0,1357932772
10918,98,741,5.0,1357933172
10919,98,778,4.5,1357932978
10920,98,839,4.0,1357930846
10993,99,1,4.0,1275602952
10994,99,47,4.5,1275603046
10995,99,260,4.0,1275602945
10996,99,296,5.0,1275603163
10997,99,318,4.5,1275602936
10998,99,356,4.0,1275602919
10999,99,480,3.0,1275602938
11000,99,593,5.0,1275602922
11001,99,750,4.0,1275602524
11002,99,778,4.5,1275603103
