0,1,2,3,4,5,6,7,8,9,10,11,12,13,14,15,16,17,18,19,20,21,22,23,24,25,26,27,28,29,30,31,32,33,34,35,36,37,38,39,40,41,42,43,44,45,46,47,48,49,50,51,52,53,54,55,56,57,58,59,60,61,62,63,64,65,66,67,68,69,70,71,72,73,74,75,76,77,78,79,80,81,82,83,84,85,86,87,88,89,90,91,92,93,94,95,96,97,98,99
1.0,0.729866,0.730757,0.723254,0.69878,0.963283,0.708841,0.727315,0.709651,0.695413,0.707105,0.665169,0.735824,0.963734,0.702142,0.750224,0.964415,0.737225,0.736532,0.720087,0.721518,0.966979,0.967649,0.725158,0.736999,0.74153,0.730775,0.963659,0.726155,0.762655,0.730697,0.703182,0.731399,0.717234,0.695736,0.740558,0.734288,0.720817,0.749496,0.710442,0.700548,0.692312,0.72101,0.711113,0.695207,0.758091,0.735272,0.70522,0.673276,0.726282,0.743292,0.962923,0.736902,0.750182,0.727996,0.747064,0.708193,0.966297,0.721702,0.768749,0.73532,0.716082,0.724041,0.969355,0.718373,0.735892,0.736146,0.725935,0.964887,0.96824,0.678196,0.701312,0.729015,0.687094,0.71821,0.71567,0.671801,0.721598,0.699281,0.969004,0.967451,0.744833,0.71507,0.760495,0.753685,0.674191,0.715547,0.72085,0.963405,0.720513,0.966329,0.967069,0.740661,0.728499,0.712571,0.711882,0.738404,0.752921,0.700979,0.687911
0.729866,1.0,0.731497,0.742574,0.74735,0.719995,0.758037,0.706789,0.966246,0.728081,0.720436,0.721118,0.732023,0.751762,0.76547,0.704463,0.687955,0.968926,0.769967,0.684782,0.736462,0.724995,0.716421,0.751015,0.71499,0.683704,0.971184,0.730498,0.709307,0.735144,0.712994,0.730738,0.721317,0.686956,0.743376,0.754826,0.705789,0.735274,0.702767,0.967505,0.746922,0.707466,0.742643,0.702309,0.748177,0.734949,0.730902,0.963868,0.729178,0.969991,0.968911,0.72764,0.969819,0.968764,0.751306,0.97469,0.966706,0.728973,0.719708,0.730374,0.699297,0.743485,0.74918,0.737437,0.731653,0.713222,0.971338,0.714989,0.728495,0.700109,0.751257,0.71225,0.750218,0.967566,0.761441,0.964637,0.762882,0.737791,0.973032,0.714818,0.720914,0.695807,0.7294,0.701511,0.720473,0.965034,0.969461,0.970165,0.718216,0.685205,0.718258,0.734268,0.713156,0.727208,0.69799,0.742242,0.967582,0.709125,0.96641,0.742882
0.730757,0.731497,1.0,0.961687,0.954475,0.719389,0.966199,0.709242,0.722583,0.959155,0.965834,0.960272,0.964531,0.734824,0.737231,0.730434,0.732473,0.735997,0.965143,0.721739,0.76957,0.726817,0.72975,0.96282,0.728392,0.745088,0.73941,0.762074,0.75478,0.750485,0.963735,0.751972,0.964454,0.76359,0.754738,0.737806,0.731401,0.963032,0.746938,0.731515,0.759511,0.962183,0.753262,0.715361,0.962829,0.722684,0.95663,0.745945,0.733049,0.716607,0.729983,0.755679,0.74166,0.699443,0.96398,0.714745,0.744027,0.738249,0.772729,0.736741,0.728156,0.95846,0.749423,0.756755,0.965933,0.711841,0.745154,0.722892,0.711031,0.728301,0.754748,0.764302,0.969385,0.749086,0.774094,0.743072,0.759027,0.965187,0.706883,0.74588,0.738869,0.744825,0.964779,0.712978,0.744155,0.738503,0.726779,0.760499,0.745581,0.692904,0.744191,0.720488,0.741391,0.74507,0.726203,0.960864,0.73295,0.726275,0.740446,0.740486
0.723254,0.742574,0.961687,1.0,0.959796,0.708077,0.964168,0.741626,0.72218,0.961089,0.961682,0.961876,0.967074,0.701642,0.723267,0.72565,0.723777,0.745641,0.967662,0.769417,0.732996,0.735792,0.703469,0.962721,0.741374,0.756177,0.735103,0.748363,0.770054,0.758693,0.965494,0.72808,0.957408,0.753057,0.751238,0.721972,0.728604,0.969885,0.726301,0.748598,0.717607,0.967221,0.766447,0.724462,0.963649,0.698838,0.962708,0.723797,0.727111,0.708589,0.725128,0.706131,0.733041,0.738344,0.969816,0.711812,0.75147,0.721212,0.751228,0.747488,0.737959,0.967085,0.724229,0.733063,0.964414,0.731419,0.771001,0.707181,0.739052,0.699638,0.754412,0.752561,0.968646,0.721272,0.715429,0.738539,0.751896,0.969565,0.7109,0.709756,0.711033,0.717518,0.960668,0.750614,0.738641,0.717411,0.743795,0.774006,0.698806,0.743702,0.733049,0.696789,0.720582,0.713107,0.762063,0.969729,0.704741,0.758601,0.723983,0.741793
0.69878,0.74735,0.954475,0.959796,1.0,0.725534,0.96561,0.713682,0.740117,0.959817,0.966583,0.961117,0.961465,0.72718,0.733816,0.715917,0.734538,0.775542,0.968542,0.751963,0.737891,0.716613,0.706671,0.964136,0.750935,0.763299,0.734423,0.732325,0.733606,0.74856,0.963675,0.728709,0.962026,0.72611,0.715,0.700979,0.71961,0.956184,0.747234,0.741982,0.704703,0.961444,0.765576,0.755326,0.961556,0.718333,0.959394,0.738467,0.727914,0.751184,0.723787,0.713362,0.775224,0.729553,0.964557,0.733195,0.749825,0.700388,0.754858,0.73811,0.726771,0.957034,0.736935,0.733262,0.965809,0.735578,0.746606,0.722413,0.712648,0.714474,0.768285,0.752631,0.962552,0.739382,0.726817,0.759616,0.726806,0.95621,0.699591,0.727916,0.695713,0.72687,0.968407,0.742646,0.728875,0.720665,0.74295,0.764836,0.714824,0.741268,0.733669,0.711605,0.713136,0.718748,0.742721,0.967382,0.714878,0.746477,0.754241,0.739672
0.963283,0.719995,0.719389,0.708077,0.725534,1.0,0.72075,0.714788,0.725962,0.695432,0.714196,0.712539,0.750281,0.968736,0.731223,0.727024,0.968095,0.720923,0.705866,0.708788,0.713137,0.970178,0.963571,0.750457,0.713358,0.746291,0.712068,0.965061,0.735206,0.764236,0.732939,0.702844,0.691941,0.716715,0.704538,0.752853,0.726586,0.723933,0.741417,0.700166,0.727365,0.708906,0.727013,0.703072,0.722104,0.738944,0.725306,0.716439,0.713951,0.725331,0.693587,0.970236,0.670423,0.726617,0.727959,0.699182,0.726076,0.960441,0.705426,0.74734,0.718403,0.738396,0.743581,0.971933,0.737961,0.751197,0.728559,0.72959,0.967179,0.962425,0.730876,0.710726,0.751151,0.729924,0.699973,0.742428,0.716059,0.716664,0.702449,0.967716,0.964304,0.722484,0.716939,0.777799,0.737931,0.717829,0.724217,0.714403,0.966778,0.722489,0.96599,0.964774,0.740374,0.712282,0.710149,0.726381,0.703291,0.742633,0.735882,0.697026
0.708841,0.758037,0.966199,0.964168,0.96561,0.72075,1.0,0.737383,0.715399,0.953656,0.965201,0.959469,0.96761,0.713091,0.741922,0.722208,0.750351,0.768781,0.968593,0.745364,0.719965,0.740203,0.709834,0.965752,0.748692,0.746655,0.752723,0.747759,0.74426,0.734275,0.969056,0.736678,0.964744,0.736506,0.760329,0.716335,0.710137,0.962397,0.747001,0.697098,0.746777,0.968655,0.756024,0.736553,0.965006,0.720909,0.960959,0.74226,0.714767,0.757705,0.734831,0.736009,0.735845,0.726402,0.965116,0.711208,0.744879,0.705136,0.73723,0.74657,0.730334,0.955495,0.745357,0.722664,0.96612,0.721402,0.723722,0.711791,0.715232,0.700764,0.743626,0.741988,0.966292,0.714687,0.729323,0.746111,0.755578,0.964342,0.728199,0.739299,0.700227,0.724742,0.970379,0.734218,0.720094,0.743765,0.738195,0.759475,0.737157,0.718573,0.742196,0.708638,0.735056,0.736838,0.749877,0.965169,0.740557,0.742179,0.744206,0.761862
0.727315,0.706789,0.709242,0.741626,0.713682,0.714788,0.737383,1.0,0.718962,0.731931,0.712432,0.728102,0.74049,0.743847,0.72544,0.956131,0.716322,0.723062,0.73536,0.964127,0.743329,0.750345,0.730715,0.735867,0.96766,0.963929,0.689828,0.705482,0.959727,0.963255,0.73024,0.716757,0.703064,0.747421,0.719731,0.73341,0.959937,0.735584,0.971174,0.719452,0.712398,0.709275,0.724813,0.967284,0.723129,0.962275,0.723273,0.746388,0.722427,0.705474,0.717087,0.742593,0.754459,0.721928,0.706042,0.720029,0.744446,0.732819,0.959075,0.969706,0.9607,0.741582,0.724228,0.767889,0.741989,0.961524,0.732286,0.962577,0.725848,0.734743,0.682884,0.968428,0.694931,0.720115,0.717451,0.714318,0.756074,0.753365,0.694321,0.741451,0.733215,0.965994,0.724978,0.964171,0.958899,0.72254,0.72434,0.713704,0.741436,0.967489,0.746741,0.73038,0.969773,0.962872,0.968181,0.759307,0.719043,0.959079,0.71667,0.720685
0.709651,0.966246,0.722583,0.72218,0.740117,0.725962,0.715399,0.718962,1.0,0.692207,0.738116,0.687034,0.748176,0.764844,0.737977,0.721291,0.699098,0.965017,0.725351,0.704504,0.743834,0.723681,0.70035,0.752429,0.692067,0.709925,0.965747,0.750875,0.682763,0.727997,0.714823,0.737435,0.718496,0.699479,0.70286,0.756011,0.691298,0.741718,0.743899,0.967662,0.744603,0.719334,0.736913,0.702557,0.72126,0.721979,0.703779,0.966118,0.702967,0.966063,0.973377,0.733648,0.961171,0.964425,0.72811,0.966394,0.970586,0.708428,0.721487,0.739811,0.699438,0.719214,0.709792,0.73076,0.7264,0.731032,0.970927,0.701295,0.753395,0.699621,0.737645,0.717785,0.744142,0.9644,0.713236,0.965408,0.737081,0.735095,0.964262,0.726575,0.703442,0.716579,0.715601,0.702069,0.690286,0.961648,0.965127,0.959666,0.716901,0.683963,0.675457,0.729973,0.71285,0.708332,0.71059,0.702117,0.961813,0.726813,0.956623,0.741727
0.695413,0.728081,0.959155,0.961089,0.959817,0.695432,0.953656,0.731931,0.692207,1.0,0.962893,0.957319,0.962317,0.730778,0.741686,0.734686,0.737045,0.738548,0.961863,0.766511,0.743178,0.72599,0.685979,0.957444,0.734879,0.752885,0.737182,0.740528,0.767989,0.754462,0.9603,0.728683,0.960525,0.72791,0.73642,0.713582,0.727646,0.964125,0.76365,0.721795,0.69889,0.960206,0.751771,0.741172,0.963136,0.730529,0.964208,0.708429,0.745347,0.730489,0.698194,0.723381,0.715214,0.690705,0.963105,0.700309,0.724898,0.722854,0.749804,0.734379,0.751022,0.960902,0.720161,0.72717,0.9614,0.728766,0.718988,0.725943,0.708823,0.706804,0.767558,0.775337,0.965797,0.71136,0.756304,0.707493,0.752419,0.958956,0.683888,0.715833,0.700226,0.723235,0.96792,0.730828,0.732024,0.717928,0.70839,0.737697,0.708766,0.742901,0.735362,0.717093,0.734056,0.722892,0.757791,0.966049,0.70756,0.733507,0.721464,0.758876
0.707105,0.720436,0.965834,0.961682,0.966583,0.714196,0.965201,0.712432,0.738116,0.962893,1.0,0.962255,0.967414,0.730254,0.727413,0.76174,0.774051,0.764193,0.964158,0.772929,0.738139,0.724212,0.69701,0.961276,0.74289,0.760155,0.741612,0.767979,0.773823,0.754952,0.958973,0.716804,0.966088,0.722226,0.72572,0.721304,0.736445,0.961709,0.769006,0.729037,0.697447,0.958026,0.72683,0.740021,0.960013,0.751582,0.962105,0.748559,0.729941,0.742356,0.747106,0.741904,0.741578,0.715701,0.964262,0.726411,0.747043,0.709955,0.759412,0.752376,0.763977,0.961948,0.703803,0.732725,0.965617,0.730666,0.760641,0.708888,0.723382,0.716201,0.739401,0.784269,0.966513,0.739121,0.714407,0.759491,0.743343,0.963348,0.717257,0.74585,0.693428,0.737945,0.965699,0.743459,0.747687,0.746843,0.730403,0.767393,0.762255,0.745249,0.721183,0.736121,0.742739,0.728089,0.762612,0.968617,0.737016,0.73809,0.74713,0.737426
0.665169,0.721118,0.960272,0.961876,0.961117,0.712539,0.959469,0.728102,0.687034,0.957319,0.962255,1.0,0.95832,0.691235,0.714522,0.736454,0.715332,0.716622,0.961797,0.75371,0.747122,0.71647,0.681627,0.962018,0.742111,0.746451,0.684563,0.710007,0.745993,0.757126,0.965371,0.718986,0.962929,0.694899,0.733832,0.714829,0.731199,0.958042,0.731697,0.691632,0.70249,0.966181,0.740167,0.736302,0.962789,0.706308,0.96587,0.714512,0.700145,0.714391,0.685554,0.71296,0.694768,0.690196,0.962623,0.702521,0.736953,0.71989,0.742654,0.731445,0.712897,0.96068,0.718571,0.708314,0.967897,0.719837,0.703713,0.717455,0.704576,0.694134,0.755609,0.74713,0.96436,0.716,0.727294,0.715156,0.730728,0.959191,0.691048,0.705449,0.668411,0.725547,0.958056,0.734311,0.737559,0.734624,0.707092,0.722499,0.699924,0.72505,0.711799,0.698156,0.725721,0.701764,0.759702,0.969022,0.693461,0.751052,0.73522,0.721247
0.735824,0.732023,0.964531,0.967074,0.961465,0.750281,0.96761,0.74049,0.748176,0.962317,0.967414,0.95832,1.0,0.735564,0.744139,0.75057,0.760797,0.763756,0.964944,0.768653,0.751533,0.746072,0.709307,0.963492,0.760454,0.76013,0.75133,0.755085,0.730675,0.763769,0.966176,0.733308,0.962653,0.735999,0.746065,0.733841,0.746387,0.963963,0.743837,0.747563,0.734103,0.96623,0.761096,0.76694,0.966174,0.750863,0.957671,0.74675,0.719935,0.730734,0.737765,0.744117,0.738864,0.719133,0.966885,0.713503,0.741578,0.734319,0.752605,0.762774,0.753026,0.968773,0.72665,0.751939,0.965438,0.72683,0.74192,0.722993,0.74714,0.712485,0.736853,0.770693,0.968927,0.737197,0.747819,0.739458,0.78236,0.96714,0.709805,0.744301,0.731675,0.744922,0.966405,0.746532,0.758274,0.737774,0.715836,0.752524,0.745626,0.745648,0.738048,0.716307,0.733547,0.724935,0.761611,0.964006,0.738919,0.762481,0.740031,0.75151
0.963734,0.751762,0.734824,0.701642,0.72718,0.968736,0.713091,0.743847,0.764844,0.730778,0.730254,0.691235,0.735564,1.0,0.68012,0.759441,0.962039,0.736389,0.732199,0.759921,0.700066,0.969801,0.962533,0.756284,0.747215,0.803041,0.751551,0.964611,0.739492,0.797001,0.72919,0.695621,0.726169,0.689584,0.689155,0.729526,0.76228,0.728158,0.767592,0.752774,0.71524,0.697978,0.69435,0.727333,0.708975,0.761249,0.759398,0.721077,0.684165,0.763264,0.735863,0.957795,0.738676,0.752409,0.72509,0.74242,0.739267,0.964414,0.742523,0.790028,0.770213,0.729048,0.727743,0.962954,0.737248,0.789881,0.7253,0.727624,0.962716,0.961731,0.742714,0.743173,0.753232,0.710199,0.695059,0.763546,0.701849,0.696773,0.736655,0.964441,0.963932,0.777931,0.717427,0.79285,0.758001,0.721327,0.741612,0.721242,0.960715,0.741428,0.967295,0.962291,0.769207,0.764408,0.755586,0.70785,0.760911,0.780026,0.751002,0.660477
0.702142,0.76547,0.737231,0.723267,0.733816,0.731223,0.741922,0.72544,0.737977,0.741686,0.727413,0.714522,0.744139,0.68012,1.0,0.706989,0.706657,0.776285,0.742959,0.741866,0.966445,0.692266,0.678942,0.744649,0.704358,0.708193,0.778629,0.713756,0.71216,0.741234,0.706339,0.961646,0.754311,0.966022,0.960629,0.964888,0.732161,0.749163,0.705604,0.732585,0.963793,0.757665,0.962406,0.733335,0.754161,0.697518,0.755868,0.766236,0.95837,0.767659,0.756496,0.708666,0.780765,0.7331,0.756426,0.730042,0.750258,0.705985,0.713016,0.705278,0.723378,0.727034,0.962731,0.744722,0.752323,0.741008,0.743395,0.707468,0.71632,0.710923,0.960535,0.730909,0.73972,0.757932,0.963704,0.748049,0.963774,0.774551,0.752458,0.714434,0.704128,0.711242,0.768465,0.72531,0.727238,0.733032,0.735261,0.762793,0.707771,0.735456,0.71814,0.712705,0.707188,0.724479,0.714433,0.754863,0.724176,0.72566,0.76077,0.965087
0.750224,0.704463,0.730434,0.72565,0.715917,0.727024,0.722208,0.956131,0.721291,0.734686,0.76174,0.736454,0.75057,0.759441,0.706989,1.0,0.747933,0.728895,0.708959,0.958203,0.751585,0.745632,0.751919,0.756236,0.967475,0.958953,0.693138,0.752859,0.958236,0.961372,0.703971,0.727323,0.708572,0.710111,0.707905,0.716594,0.960642,0.733344,0.960806,0.725388,0.717778,0.708926,0.713528,0.961705,0.731657,0.962888,0.732594,0.718419,0.728547,0.702382,0.703424,0.748039,0.696147,0.692257,0.730706,0.69689,0.718983,0.758092,0.955241,0.962309,0.962741,0.721508,0.717852,0.739387,0.721798,0.964415,0.712309,0.957429,0.77065,0.753548,0.707557,0.964525,0.746261,0.729059,0.719639,0.695773,0.721932,0.735893,0.697976,0.755195,0.736698,0.958678,0.717339,0.964528,0.965596,0.722829,0.715054,0.726395,0.76645,0.958579,0.74778,0.72529,0.960248,0.96676,0.95942,0.73314,0.708686,0.965404,0.70287,0.687063
0.964415,0.687955,0.732473,0.723777,0.734538,0.968095,0.750351,0.716322,0.699098,0.737045,0.774051,0.715332,0.760797,0.962039,0.706657,0.747933,1.0,0.700519,0.735724,0.725832,0.681013,0.970362,0.965019,0.738374,0.711735,0.73987,0.704329,0.961237,0.703152,0.752121,0.735819,0.67143,0.752386,0.702005,0.668037,0.707821,0.738775,0.745255,0.745862,0.693139,0.667099,0.73298,0.698346,0.727672,0.729187,0.742105,0.754474,0.695494,0.651843,0.714914,0.69555,0.960212,0.676315,0.716736,0.720465,0.682156,0.699086,0.962728,0.716205,0.747631,0.724382,0.71021,0.720763,0.958628,0.735347,0.725003,0.720412,0.699274,0.960392,0.961175,0.705625,0.727792,0.762115,0.680462,0.679871,0.708863,0.676266,0.741366,0.702554,0.960502,0.963545,0.731922,0.727501,0.745378,0.755324,0.692289,0.667214,0.703091,0.958269,0.721206,0.961661,0.959505,0.724617,0.703354,0.725153,0.743423,0.714681,0.739414,0.697398,0.684464
0.737225,0.968926,0.735997,0.745641,0.775542,0.720923,0.768781,0.723062,0.965017,0.738548,0.764193,0.716622,0.763756,0.736389,0.776285,0.728895,0.700519,1.0,0.758842,0.695654,0.774492,0.733224,0.696089,0.746073,0.701297,0.700598,0.970082,0.731693,0.715415,0.70638,0.739055,0.745964,0.725915,0.734771,0.725138,0.731638,0.713869,0.749034,0.722127,0.963527,0.7638,0.735196,0.758073,0.708468,0.787702,0.723759,0.75193,0.961874,0.746092,0.967832,0.968894,0.741849,0.962943,0.969568,0.790288,0.968167,0.963472,0.719457,0.696534,0.739115,0.711184,0.748068,0.721509,0.738958,0.732954,0.718506,0.971878,0.708598,0.735259,0.739918,0.743782,0.690239,0.749241,0.96449,0.732614,0.966714,0.753454,0.752896,0.962933,0.72862,0.704926,0.720265,0.718612,0.730967,0.719265,0.958089,0.966836,0.966216,0.729726,0.684901,0.721826,0.742976,0.690147,0.702375,0.707058,0.739789,0.963101,0.719086,0.963076,0.734118
0.736532,0.769967,0.965143,0.967662,0.968542,0.705866,0.968593,0.73536,0.725351,0.961863,0.964158,0.961797,0.964944,0.732199,0.742959,0.708959,0.735724,0.758842,1.0,0.735047,0.747362,0.724485,0.717033,0.963702,0.750549,0.736582,0.721419,0.746346,0.743609,0.751533,0.970735,0.757356,0.966157,0.753568,0.73075,0.729955,0.732927,0.962086,0.733899,0.707487,0.737963,0.965967,0.759405,0.730772,0.961112,0.721062,0.969402,0.737313,0.760325,0.7475,0.728689,0.729099,0.740229,0.736873,0.969458,0.726699,0.739839,0.729906,0.745117,0.728426,0.739946,0.96525,0.722949,0.754447,0.967432,0.721076,0.760891,0.706549,0.702923,0.70621,0.74409,0.750312,0.965451,0.750122,0.768364,0.738625,0.738876,0.967956,0.72006,0.726239,0.712721,0.712731,0.96834,0.738022,0.70468,0.736509,0.736211,0.746832,0.754594,0.744173,0.726699,0.718806,0.703748,0.735298,0.753453,0.968117,0.728331,0.741403,0.745336,0.763411
0.720087,0.684782,0.721739,0.769417,0.751963,0.708788,0.745364,0.964127,0.704504,0.766511,0.772929,0.75371,0.768653,0.759921,0.741866,0.958203,0.725832,0.695654,0.735047,1.0,0.773102,0.751684,0.736715,0.761133,0.960356,0.964468,0.701065,0.729277,0.958733,0.968844,0.721641,0.74216,0.73572,0.742567,0.745051,0.760753,0.965394,0.761115,0.970134,0.682255,0.740252,0.735226,0.748793,0.967912,0.718157,0.964422,0.744754,0.723458,0.737536,0.683367,0.709329,0.748024,0.720477,0.739104,0.73156,0.72109,0.732906,0.756353,0.958875,0.963463,0.96418,0.752116,0.757349,0.756002,0.743587,0.971558,0.710964,0.962427,0.75161,0.758677,0.698472,0.960697,0.747991,0.733822,0.732204,0.716504,0.763475,0.758849,0.688165,0.757106,0.747152,0.959249,0.751186,0.965814,0.964369,0.735189,0.709733,0.710784,0.759754,0.966709,0.761733,0.728208,0.958459,0.95739,0.96638,0.759939,0.709615,0.9648,0.716296,0.719934
0.721518,0.736462,0.76957,0.732996,0.737891,0.713137,0.719965,0.743329,0.743834,0.743178,0.738139,0.747122,0.751533,0.700066,0.966445,0.751585,0.681013,0.774492,0.747362,0.773102,1.0,0.680239,0.685801,0.745288,0.735519,0.744137,0.768873,0.731539,0.748139,0.769903,0.719529,0.963833,0.759212,0.966504,0.965141,0.966159,0.748802,0.735905,0.743977,0.722266,0.963362,0.736779,0.967285,0.769469,0.735233,0.748498,0.755774,0.736847,0.961633,0.768999,0.751976,0.728121,0.773353,0.736851,0.756392,0.748801,0.743925,0.753657,0.757987,0.766947,0.765152,0.719253,0.967723,0.75347,0.736891,0.779667,0.75828,0.744357,0.714344,0.727477,0.965653,0.757524,0.745612,0.756485,0.967304,0.747433,0.963112,0.749234,0.751443,0.73526,0.699789,0.740084,0.755117,0.753994,0.726988,0.75192,0.720816,0.753685,0.723303,0.756831,0.728738,0.707271,0.737523,0.75832,0.774198,0.751929,0.729256,0.767312,0.762333,0.967089
0.966979,0.724995,0.726817,0.735792,0.716613,0.970178,0.740203,0.750345,0.723681,0.72599,0.724212,0.71647,0.746072,0.969801,0.692266,0.745632,0.970362,0.733224,0.724485,0.751684,0.680239,1.0,0.966386,0.74908,0.740769,0.768339,0.742804,0.967647,0.758554,0.794045,0.737987,0.66679,0.738317,0.694032,0.686256,0.716232,0.734071,0.761733,0.756848,0.7267,0.674432,0.705927,0.69871,0.755631,0.729351,0.766676,0.746754,0.701924,0.699089,0.737339,0.730064,0.966398,0.730726,0.745492,0.729018,0.71686,0.727193,0.967617,0.75132,0.771807,0.762198,0.736969,0.726738,0.969499,0.738183,0.752024,0.714817,0.748731,0.961874,0.964802,0.733088,0.739571,0.760691,0.713567,0.679075,0.714391,0.710641,0.705736,0.708243,0.969567,0.964867,0.761009,0.740425,0.768185,0.75187,0.711415,0.711475,0.706497,0.967049,0.749542,0.968856,0.96443,0.745889,0.751705,0.747243,0.724233,0.74372,0.775235,0.728185,0.675761
0.967649,0.716421,0.72975,0.703469,0.706671,0.963571,0.709834,0.730715,0.70035,0.685979,0.69701,0.681627,0.709307,0.962533,0.678942,0.751919,0.965019,0.696089,0.717033,0.736715,0.685801,0.966386,1.0,0.725764,0.736382,0.77031,0.696381,0.965046,0.749896,0.748324,0.698088,0.662433,0.719624,0.679257,0.686201,0.704788,0.73119,0.730412,0.750623,0.701568,0.681013,0.684957,0.718963,0.73604,0.702945,0.734663,0.733392,0.662038,0.661257,0.717163,0.707431,0.960881,0.692085,0.723285,0.714192,0.682217,0.69563,0.958291,0.732108,0.76444,0.742021,0.724758,0.725348,0.959561,0.734129,0.754287,0.691406,0.733203,0.969234,0.965485,0.711492,0.726415,0.726916,0.688148,0.654164,0.72842,0.666693,0.709297,0.694421,0.961366,0.959938,0.745228,0.687249,0.744557,0.738632,0.667517,0.68638,0.707694,0.960264,0.726666,0.964332,0.964054,0.726819,0.740568,0.729956,0.704781,0.714274,0.761021,0.694128,0.650472
0.725158,0.751015,0.96282,0.962721,0.964136,0.750457,0.965752,0.735867,0.752429,0.957444,0.961276,0.962018,0.963492,0.756284,0.744649,0.756236,0.738374,0.746073,0.963702,0.761133,0.745288,0.74908,0.725764,1.0,0.762946,0.78138,0.748602,0.735906,0.736672,0.758659,0.958062,0.757837,0.967194,0.73008,0.769882,0.73428,0.74726,0.958222,0.788758,0.71172,0.742747,0.966874,0.748971,0.750277,0.95978,0.728441,0.960815,0.73744,0.749304,0.750218,0.696167,0.709515,0.720257,0.733107,0.962639,0.715063,0.746049,0.732855,0.769819,0.763974,0.743626,0.961986,0.75908,0.763377,0.965599,0.760252,0.736265,0.730178,0.712318,0.731105,0.757133,0.767847,0.967202,0.728317,0.772182,0.729337,0.776766,0.966235,0.726545,0.757333,0.740499,0.745457,0.965126,0.759187,0.731394,0.710235,0.744511,0.745371,0.745386,0.771321,0.726575,0.727623,0.739011,0.76241,0.777691,0.964921,0.733913,0.781399,0.744836,0.732058
0.736999,0.71499,0.728392,0.741374,0.750935,0.713358,0.748692,0.96766,0.692067,0.734879,0.74289,0.742111,0.760454,0.747215,0.704358,0.967475,0.711735,0.701297,0.750549,0.960356,0.735519,0.740769,0.736382,0.762946,1.0,0.96295,0.710862,0.726048,0.960679,0.964052,0.726687,0.735886,0.729622,0.738883,0.727023,0.750407,0.962868,0.73722,0.967649,0.715248,0.716096,0.722935,0.758456,0.96316,0.711225,0.968264,0.733894,0.715898,0.737481,0.727457,0.716988,0.744998,0.738055,0.753704,0.744437,0.726452,0.706511,0.745175,0.962689,0.964549,0.95857,0.739056,0.728464,0.740138,0.727687,0.967853,0.737408,0.967532,0.748327,0.719343,0.709797,0.961987,0.742113,0.736268,0.736989,0.707453,0.756118,0.749788,0.721451,0.733428,0.710893,0.964866,0.740258,0.962696,0.964986,0.703206,0.752926,0.739742,0.724383,0.964668,0.740353,0.732489,0.968055,0.963963,0.96467,0.781804,0.716193,0.968861,0.711452,0.721237
0.74153,0.683704,0.745088,0.756177,0.763299,0.746291,0.746655,0.963929,0.709925,0.752885,0.760155,0.746451,0.76013,0.803041,0.708193,0.958953,0.73987,0.700598,0.736582,0.964468,0.744137,0.768339,0.77031,0.78138,0.96295,1.0,0.694224,0.765468,0.964539,0.965006,0.739663,0.709007,0.734029,0.730156,0.740806,0.730354,0.962035,0.782522,0.959117,0.713683,0.719396,0.771548,0.743034,0.965011,0.739316,0.965249,0.749706,0.706369,0.736763,0.705749,0.742028,0.73365,0.702437,0.713835,0.745885,0.716129,0.69177,0.772727,0.960726,0.962194,0.959191,0.741408,0.728671,0.764887,0.773825,0.968247,0.700529,0.966132,0.77684,0.762812,0.713105,0.97124,0.782792,0.730994,0.701984,0.695819,0.721082,0.741928,0.683446,0.786579,0.753632,0.95449,0.724436,0.966263,0.958383,0.700888,0.73085,0.70734,0.788647,0.958291,0.782928,0.769217,0.9693,0.956136,0.96249,0.759117,0.701063,0.964798,0.718214,0.708207
0.730775,0.971184,0.73941,0.735103,0.734423,0.712068,0.752723,0.689828,0.965747,0.737182,0.741612,0.684563,0.75133,0.751551,0.778629,0.693138,0.704329,0.970082,0.721419,0.701065,0.768873,0.742804,0.696381,0.748602,0.710862,0.694224,1.0,0.737881,0.693184,0.715166,0.724196,0.745677,0.734181,0.751306,0.737969,0.76959,0.735535,0.739468,0.708586,0.970311,0.756478,0.692807,0.76033,0.694792,0.742118,0.731129,0.72813,0.969929,0.740786,0.968381,0.972745,0.727175,0.968496,0.968634,0.754126,0.970143,0.970604,0.755194,0.705002,0.751146,0.718181,0.744959,0.740798,0.724333,0.725428,0.732948,0.969716,0.700334,0.704413,0.738041,0.73481,0.716288,0.750875,0.970664,0.720329,0.970161,0.769035,0.724808,0.973479,0.720179,0.721813,0.716916,0.735103,0.721264,0.692908,0.963921,0.96169,0.969011,0.731775,0.685134,0.703086,0.714171,0.704785,0.69572,0.680034,0.744382,0.967541,0.716468,0.96981,0.725454
0.963659,0.730498,0.762074,0.748363,0.732325,0.965061,0.747759,0.705482,0.750875,0.740528,0.767979,0.710007,0.755085,0.964611,0.713756,0.752859,0.961237,0.731693,0.746346,0.729277,0.731539,0.967647,0.965046,0.735906,0.726048,0.765468,0.737881,1.0,0.747667,0.771281,0.740917,0.736756,0.733175,0.700098,0.698412,0.737888,0.754393,0.763842,0.724966,0.726419,0.714351,0.725009,0.714371,0.732172,0.738672,0.759187,0.75559,0.693034,0.692889,0.71671,0.742988,0.966881,0.713951,0.749454,0.735831,0.731535,0.724759,0.955778,0.716761,0.752939,0.747529,0.764157,0.725114,0.968113,0.742007,0.747855,0.717986,0.708969,0.969854,0.960216,0.738344,0.744257,0.782831,0.70295,0.703901,0.749364,0.716605,0.752682,0.716139,0.966774,0.963387,0.730558,0.729273,0.763434,0.737856,0.676694,0.719707,0.709341,0.967336,0.712517,0.967459,0.95813,0.73011,0.764696,0.726092,0.768705,0.738041,0.742438,0.752935,0.697969
0.726155,0.709307,0.75478,0.770054,0.733606,0.735206,0.74426,0.959727,0.682763,0.767989,0.773823,0.745993,0.730675,0.739492,0.71216,0.958236,0.703152,0.715415,0.743609,0.958733,0.748139,0.758554,0.749896,0.736672,0.960679,0.964539,0.693184,0.747667,1.0,0.96285,0.719468,0.694011,0.715976,0.751699,0.742118,0.743044,0.958451,0.754092,0.971109,0.70062,0.72433,0.744314,0.733515,0.960579,0.747082,0.964549,0.754457,0.712925,0.734173,0.68908,0.702567,0.744957,0.724566,0.706176,0.727241,0.715101,0.702085,0.747959,0.957479,0.960946,0.95541,0.736466,0.739934,0.745142,0.741164,0.966967,0.715444,0.962374,0.736187,0.748362,0.697944,0.965252,0.744523,0.735103,0.721201,0.721649,0.764789,0.742421,0.703823,0.763719,0.724144,0.961334,0.748234,0.963776,0.95632,0.719164,0.711592,0.71697,0.737643,0.963019,0.758716,0.75296,0.962862,0.967589,0.964956,0.75415,0.688793,0.961686,0.722612,0.697287
0.762655,0.735144,0.750485,0.758693,0.74856,0.764236,0.734275,0.963255,0.727997,0.754462,0.754952,0.757126,0.763769,0.797001,0.741234,0.961372,0.752121,0.70638,0.751533,0.968844,0.769903,0.794045,0.748324,0.758659,0.964052,0.965006,0.715166,0.771281,0.96285,1.0,0.77016,0.734734,0.747104,0.741124,0.709276,0.746856,0.965059,0.741444,0.965796,0.726306,0.738433,0.737565,0.749934,0.963333,0.757487,0.966062,0.775548,0.752006,0.727699,0.712012,0.733655,0.74843,0.731006,0.742122,0.74867,0.75284,0.739279,0.788177,0.963259,0.968597,0.955964,0.761502,0.757829,0.773472,0.735274,0.969778,0.737657,0.969229,0.77418,0.765367,0.741515,0.970946,0.765262,0.723648,0.745525,0.726498,0.73828,0.777072,0.731186,0.786546,0.760326,0.967005,0.750154,0.96809,0.963866,0.736709,0.747767,0.700724,0.801895,0.968169,0.79273,0.784031,0.963863,0.963122,0.964841,0.791115,0.736096,0.968456,0.730384,0.720719
0.730697,0.712994,0.963735,0.965494,0.963675,0.732939,0.969056,0.73024,0.714823,0.9603,0.958973,0.965371,0.966176,0.72919,0.706339,0.703971,0.735819,0.739055,0.970735,0.721641,0.719529,0.737987,0.698088,0.958062,0.726687,0.739663,0.724196,0.740917,0.719468,0.77016,1.0,0.736957,0.963272,0.733593,0.737217,0.714279,0.692307,0.9623,0.723332,0.715146,0.705866,0.967047,0.746183,0.72563,0.972231,0.727227,0.964981,0.737525,0.714218,0.708853,0.729129,0.740391,0.725715,0.701141,0.964528,0.721559,0.74292,0.748964,0.745603,0.720109,0.725443,0.96401,0.724818,0.730077,0.964995,0.704903,0.734821,0.716477,0.705081,0.71324,0.745371,0.735661,0.96519,0.721189,0.753978,0.755573,0.753511,0.963512,0.679994,0.742629,0.709731,0.720366,0.967545,0.74979,0.72716,0.744773,0.72337,0.749922,0.748888,0.733889,0.748103,0.712402,0.73282,0.713835,0.749711,0.969152,0.741404,0.711744,0.733912,0.728158
0.703182,0.730738,0.751972,0.72808,0.728709,0.702844,0.736678,0.716757,0.737435,0.728683,0.716804,0.718986,0.733308,0.695621,0.961646,0.727323,0.67143,0.745964,0.757356,0.74216,0.963833,0.66679,0.662433,0.757837,0.735886,0.709007,0.745677,0.736756,0.694011,0.734734,0.736957,1.0,0.755403,0.962642,0.963838,0.962353,0.719192,0.74436,0.731976,0.726722,0.963687,0.730476,0.964825,0.732744,0.727027,0.715562,0.73719,0.734345,0.966856,0.758615,0.731552,0.704687,0.772774,0.737394,0.752408,0.754537,0.756624,0.704031,0.723755,0.728276,0.758966,0.728832,0.961117,0.724362,0.7345,0.743221,0.742308,0.710099,0.725866,0.699467,0.95831,0.741027,0.751257,0.753345,0.962469,0.740695,0.960463,0.763745,0.738009,0.713067,0.701,0.698421,0.761631,0.739901,0.709153,0.717433,0.721979,0.743737,0.721223,0.716113,0.699609,0.700855,0.716515,0.730993,0.716699,0.751387,0.740259,0.723614,0.729714,0.964459
0.731399,0.721317,0.964454,0.957408,0.962026,0.691941,0.964744,0.703064,0.718496,0.960525,0.966088,0.962929,0.962653,0.726169,0.754311,0.708572,0.752386,0.725915,0.966157,0.73572,0.759212,0.738317,0.719624,0.967194,0.729622,0.734029,0.734181,0.733175,0.715976,0.747104,0.963272,0.755403,1.0,0.771202,0.753338,0.747813,0.716864,0.967597,0.725437,0.705066,0.751182,0.965276,0.791502,0.726016,0.962177,0.701957,0.961299,0.738199,0.763826,0.733966,0.718178,0.709757,0.72081,0.720166,0.967961,0.69686,0.748004,0.72342,0.731325,0.731507,0.715708,0.964073,0.761472,0.729889,0.96232,0.712846,0.726685,0.697683,0.703052,0.717361,0.785206,0.731051,0.959464,0.72534,0.761321,0.717185,0.7758,0.967862,0.703175,0.719781,0.690878,0.743373,0.96377,0.728101,0.721757,0.753986,0.703202,0.733504,0.722006,0.720608,0.734691,0.731778,0.721878,0.699252,0.716279,0.970388,0.709578,0.714628,0.718531,0.766862
0.717234,0.686956,0.76359,0.753057,0.72611,0.716715,0.736506,0.747421,0.699479,0.72791,0.722226,0.694899,0.735999,0.689584,0.966022,0.710111,0.702005,0.734771,0.753568,0.742567,0.966504,0.694032,0.679257,0.73008,0.738883,0.730156,0.751306,0.700098,0.751699,0.741124,0.733593,0.962642,0.771202,1.0,0.963111,0.960591,0.727038,0.734756,0.752943,0.696505,0.9628,0.736505,0.961919,0.762917,0.732822,0.733381,0.748984,0.712615,0.958815,0.7298,0.707539,0.699625,0.762485,0.704528,0.753327,0.709814,0.71591,0.719875,0.733596,0.711198,0.743234,0.729333,0.964803,0.735217,0.735358,0.763886,0.732611,0.727519,0.699128,0.716461,0.961764,0.721798,0.765725,0.712033,0.962839,0.740745,0.961004,0.737002,0.718138,0.69881,0.695274,0.745713,0.764247,0.761445,0.716746,0.717085,0.685586,0.734799,0.718833,0.744142,0.709924,0.72041,0.744877,0.732984,0.753778,0.746111,0.69463,0.712024,0.732651,0.95314
0.695736,0.743376,0.754738,0.751238,0.715,0.704538,0.760329,0.719731,0.70286,0.73642,0.72572,0.733832,0.746065,0.689155,0.960629,0.707905,0.668037,0.725138,0.73075,0.745051,0.965141,0.686256,0.686201,0.769882,0.727023,0.740806,0.737969,0.698412,0.742118,0.709276,0.737217,0.963838,0.753338,0.963111,1.0,0.96503,0.720395,0.737701,0.73109,0.675044,0.961471,0.745323,0.960832,0.748747,0.748437,0.708693,0.758186,0.732774,0.958495,0.730502,0.71691,0.706837,0.726781,0.728089,0.765444,0.722278,0.727273,0.709059,0.736181,0.765684,0.748657,0.736834,0.961507,0.749472,0.731153,0.76332,0.733525,0.727368,0.704535,0.697588,0.95804,0.740516,0.778583,0.723027,0.964364,0.711249,0.957536,0.765899,0.723475,0.691708,0.693014,0.743976,0.754329,0.719928,0.729776,0.71319,0.718703,0.713915,0.707928,0.69405,0.6783,0.705772,0.722496,0.75408,0.728467,0.760381,0.715639,0.712506,0.735297,0.963789
0.740558,0.754826,0.737806,0.721972,0.700979,0.752853,0.716335,0.73341,0.756011,0.713582,0.721304,0.714829,0.733841,0.729526,0.964888,0.716594,0.707821,0.731638,0.729955,0.760753,0.966159,0.716232,0.704788,0.73428,0.750407,0.730354,0.76959,0.737888,0.743044,0.746856,0.714279,0.962353,0.747813,0.960591,0.96503,1.0,0.742697,0.740505,0.7328,0.739974,0.964027,0.734,0.963761,0.776157,0.714626,0.71776,0.724999,0.748417,0.956693,0.759202,0.740176,0.756128,0.752077,0.763008,0.756199,0.762539,0.750849,0.729724,0.751288,0.738477,0.759177,0.705422,0.962971,0.762499,0.721638,0.771235,0.76892,0.71255,0.743223,0.724135,0.964858,0.745631,0.748462,0.77269,0.965321,0.756449,0.961459,0.715726,0.751973,0.7118,0.714592,0.730605,0.739939,0.730048,0.710331,0.767426,0.751503,0.770482,0.735587,0.722055,0.7392,0.739094,0.730669,0.738086,0.736824,0.753224,0.757688,0.732762,0.755425,0.958093
0.734288,0.705789,0.731401,0.728604,0.71961,0.726586,0.710137,0.959937,0.691298,0.727646,0.736445,0.731199,0.746387,0.76228,0.732161,0.960642,0.738775,0.713869,0.732927,0.965394,0.748802,0.734071,0.73119,0.74726,0.962868,0.962035,0.735535,0.754393,0.958451,0.965059,0.692307,0.719192,0.716864,0.727038,0.720395,0.742697,1.0,0.727267,0.964959,0.710935,0.744907,0.72753,0.735523,0.963295,0.716741,0.964588,0.743083,0.719059,0.732447,0.694995,0.686515,0.728121,0.701359,0.721035,0.743237,0.70619,0.717507,0.727281,0.950917,0.963539,0.966217,0.718906,0.740331,0.740951,0.695801,0.961386,0.7004,0.968191,0.748373,0.74798,0.723993,0.964221,0.716241,0.712923,0.736161,0.683428,0.763853,0.725543,0.710706,0.770624,0.726114,0.96494,0.719394,0.956778,0.962339,0.710846,0.738453,0.711549,0.743978,0.958005,0.759779,0.760875,0.959482,0.968915,0.965167,0.722464,0.714218,0.960376,0.712785,0.718277
0.720817,0.735274,0.963032,0.969885,0.956184,0.723933,0.962397,0.735584,0.741718,0.964125,0.961709,0.958042,0.963963,0.728158,0.749163,0.733344,0.745255,0.749034,0.962086,0.761115,0.735905,0.761733,0.730412,0.958222,0.73722,0.782522,0.739468,0.763842,0.754092,0.741444,0.9623,0.74436,0.967597,0.734756,0.737701,0.740505,0.727267,1.0,0.755229,0.727739,0.726666,0.962141,0.745134,0.737503,0.959713,0.732105,0.964465,0.719484,0.748515,0.733825,0.73268,0.746429,0.728648,0.702375,0.958143,0.705946,0.744023,0.743516,0.762423,0.74313,0.746076,0.969277,0.732921,0.755068,0.957161,0.747337,0.759545,0.717325,0.741338,0.719893,0.747805,0.7497,0.96184,0.721591,0.733269,0.730769,0.775611,0.968804,0.69344,0.72835,0.718007,0.724746,0.96444,0.750799,0.74852,0.737318,0.706194,0.730808,0.7292,0.737767,0.737655,0.714946,0.749489,0.739421,0.784416,0.966974,0.717096,0.764959,0.715338,0.739887
0.749496,0.702767,0.746938,0.726301,0.747234,0.741417,0.747001,0.971174,0.743899,0.76365,0.769006,0.731697,0.743837,0.767592,0.705604,0.960806,0.745862,0.722127,0.733899,0.970134,0.743977,0.756848,0.750623,0.788758,0.967649,0.959117,0.708586,0.724966,0.971109,0.965796,0.723332,0.731976,0.725437,0.752943,0.73109,0.7328,0.964959,0.755229,1.0,0.724502,0.727864,0.708372,0.741515,0.964963,0.730793,0.964483,0.740892,0.710214,0.729683,0.749633,0.725693,0.734257,0.722221,0.735887,0.73114,0.74794,0.725037,0.748236,0.957794,0.96718,0.964452,0.739343,0.731311,0.733266,0.748645,0.965637,0.73039,0.969916,0.772025,0.777446,0.717132,0.96487,0.744763,0.714023,0.716192,0.702284,0.761883,0.771709,0.718795,0.774148,0.754382,0.96517,0.747902,0.97336,0.960588,0.727476,0.735622,0.715861,0.749954,0.968015,0.76686,0.749027,0.961634,0.961251,0.962906,0.765153,0.716917,0.966107,0.722559,0.734002
0.710442,0.967505,0.731515,0.748598,0.741982,0.700166,0.697098,0.719452,0.967662,0.721795,0.729037,0.691632,0.747563,0.752774,0.732585,0.725388,0.693139,0.963527,0.707487,0.682255,0.722266,0.7267,0.701568,0.71172,0.715248,0.713683,0.970311,0.726419,0.70062,0.726306,0.715146,0.726722,0.705066,0.696505,0.675044,0.739974,0.710935,0.727739,0.724502,1.0,0.708246,0.704981,0.743576,0.679487,0.694193,0.73566,0.696979,0.967865,0.713599,0.963708,0.964054,0.704645,0.963527,0.965271,0.713979,0.969802,0.963153,0.755977,0.688916,0.749398,0.714094,0.710297,0.695185,0.726824,0.695108,0.724647,0.970635,0.699288,0.717127,0.743511,0.754463,0.681609,0.716243,0.968422,0.73446,0.96246,0.738986,0.689735,0.959089,0.744469,0.703864,0.705243,0.710576,0.702018,0.684226,0.962615,0.961465,0.966649,0.730779,0.662112,0.709046,0.725496,0.700992,0.686031,0.678736,0.707518,0.967393,0.712712,0.964057,0.74048
0.700548,0.746922,0.759511,0.717607,0.704703,0.727365,0.746777,0.712398,0.744603,0.69889,0.697447,0.70249,0.734103,0.71524,0.963793,0.717778,0.667099,0.7638,0.737963,0.740252,0.963362,0.674432,0.681013,0.742747,0.716096,0.719396,0.756478,0.714351,0.72433,0.738433,0.705866,0.963687,0.751182,0.9628,0.961471,0.964027,0.744907,0.726666,0.727864,0.708246,1.0,0.719793,0.95855,0.727816,0.73021,0.726629,0.73897,0.766902,0.959448,0.751622,0.755738,0.721266,0.761336,0.761664,0.743385,0.762067,0.734061,0.713059,0.702811,0.725521,0.755291,0.740946,0.958645,0.735873,0.721771,0.740311,0.727846,0.71886,0.733085,0.715168,0.956755,0.721546,0.751381,0.770009,0.966022,0.765138,0.960061,0.738324,0.745718,0.682528,0.695079,0.702394,0.724254,0.740059,0.707463,0.754692,0.741121,0.735642,0.711591,0.745128,0.708182,0.701549,0.70114,0.760409,0.729984,0.73262,0.732288,0.731165,0.758749,0.960765
0.692312,0.707466,0.962183,0.967221,0.961444,0.708906,0.968655,0.709275,0.719334,0.960206,0.958026,0.966181,0.96623,0.697978,0.757665,0.708926,0.73298,0.735196,0.965967,0.735226,0.736779,0.705927,0.684957,0.966874,0.722935,0.771548,0.692807,0.725009,0.744314,0.737565,0.967047,0.730476,0.965276,0.736505,0.745323,0.734,0.72753,0.962141,0.708372,0.704981,0.719793,1.0,0.737533,0.741838,0.964216,0.716143,0.966607,0.747453,0.726066,0.716576,0.696537,0.697323,0.716637,0.705634,0.970331,0.672984,0.734048,0.73347,0.754161,0.727612,0.740577,0.962839,0.742116,0.722077,0.963456,0.703745,0.709961,0.694633,0.687439,0.688252,0.763501,0.730057,0.969624,0.711092,0.753079,0.714103,0.750259,0.963432,0.673509,0.726475,0.684644,0.731927,0.971172,0.709635,0.745401,0.726463,0.741136,0.735865,0.720081,0.732729,0.729695,0.712677,0.709837,0.691426,0.754565,0.966073,0.699201,0.719116,0.731113,0.764777
0.72101,0.742643,0.753262,0.766447,0.765576,0.727013,0.756024,0.724813,0.736913,0.751771,0.72683,0.740167,0.761096,0.69435,0.962406,0.713528,0.698346,0.758073,0.759405,0.748793,0.967285,0.69871,0.718963,0.748971,0.758456,0.743034,0.76033,0.714371,0.733515,0.749934,0.746183,0.964825,0.791502,0.961919,0.960832,0.963761,0.735523,0.745134,0.741515,0.743576,0.95855,0.737533,1.0,0.75168,0.748884,0.735063,0.773872,0.746042,0.954065,0.74747,0.713683,0.714378,0.758312,0.737081,0.756891,0.742257,0.747758,0.728942,0.756945,0.765313,0.744839,0.782551,0.960644,0.770081,0.749465,0.764451,0.736485,0.75436,0.715405,0.721019,0.963575,0.725999,0.770351,0.727922,0.962831,0.742106,0.965033,0.757785,0.748561,0.72359,0.725443,0.72964,0.745793,0.728009,0.727203,0.732404,0.722811,0.746735,0.722537,0.735586,0.739741,0.704867,0.740992,0.761225,0.775008,0.750425,0.730309,0.757361,0.769595,0.957621
0.711113,0.702309,0.715361,0.724462,0.755326,0.703072,0.736553,0.967284,0.702557,0.741172,0.740021,0.736302,0.76694,0.727333,0.733335,0.961705,0.727672,0.708468,0.730772,0.967912,0.769469,0.755631,0.73604,0.750277,0.96316,0.965011,0.694792,0.732172,0.960579,0.963333,0.72563,0.732744,0.726016,0.762917,0.748747,0.776157,0.963295,0.737503,0.964963,0.679487,0.727816,0.741838,0.75168,1.0,0.749517,0.959613,0.73491,0.712292,0.727446,0.704241,0.718086,0.698847,0.698329,0.714732,0.733169,0.704252,0.705627,0.714013,0.959983,0.964995,0.966055,0.744706,0.745319,0.73156,0.758202,0.964944,0.709621,0.969477,0.74353,0.72476,0.736825,0.968764,0.743668,0.745078,0.737606,0.681496,0.753045,0.763146,0.697441,0.724638,0.719313,0.962475,0.736648,0.964971,0.958062,0.706177,0.730099,0.70523,0.723211,0.965476,0.766826,0.738196,0.967487,0.956279,0.961708,0.759863,0.689776,0.961775,0.732545,0.742191
0.695207,0.748177,0.962829,0.963649,0.961556,0.722104,0.965006,0.723129,0.72126,0.963136,0.960013,0.962789,0.966174,0.708975,0.754161,0.731657,0.729187,0.787702,0.961112,0.718157,0.735233,0.729351,0.702945,0.95978,0.711225,0.739316,0.742118,0.738672,0.747082,0.757487,0.972231,0.727027,0.962177,0.732822,0.748437,0.714626,0.716741,0.959713,0.730793,0.694193,0.73021,0.964216,0.748884,0.749517,1.0,0.701613,0.96536,0.727737,0.729281,0.749327,0.718471,0.736379,0.759988,0.714813,0.960914,0.699324,0.729682,0.707554,0.758765,0.729092,0.732918,0.96162,0.75092,0.702676,0.963156,0.72625,0.71981,0.689066,0.695293,0.69352,0.734864,0.748566,0.970296,0.722949,0.748332,0.721375,0.764412,0.964313,0.712198,0.727068,0.723828,0.724491,0.967021,0.744128,0.726764,0.743787,0.714612,0.755358,0.722634,0.713859,0.73166,0.702508,0.725044,0.720868,0.757022,0.968655,0.72537,0.727203,0.744351,0.749395
0.758091,0.734949,0.722684,0.698838,0.718333,0.738944,0.720909,0.962275,0.721979,0.730529,0.751582,0.706308,0.750863,0.761249,0.697518,0.962888,0.742105,0.723759,0.721062,0.964422,0.748498,0.766676,0.734663,0.728441,0.968264,0.965249,0.731129,0.759187,0.964549,0.966062,0.727227,0.715562,0.701957,0.733381,0.708693,0.71776,0.964588,0.732105,0.964483,0.73566,0.726629,0.716143,0.735063,0.959613,0.701613,1.0,0.737361,0.720832,0.736695,0.716993,0.736392,0.743618,0.722114,0.744779,0.707845,0.727224,0.719356,0.737589,0.962161,0.964273,0.9619,0.727843,0.743905,0.744775,0.719746,0.965929,0.727743,0.961922,0.762567,0.754777,0.687578,0.960309,0.718806,0.75351,0.731363,0.741659,0.736744,0.742153,0.707913,0.76359,0.748894,0.962088,0.733584,0.96544,0.960265,0.748535,0.719973,0.73455,0.758827,0.960765,0.755849,0.73679,0.961578,0.961835,0.963223,0.742114,0.734236,0.967711,0.751807,0.718491
0.735272,0.730902,0.95663,0.962708,0.959394,0.725306,0.960959,0.723273,0.703779,0.964208,0.962105,0.96587,0.957671,0.759398,0.755868,0.732594,0.754474,0.75193,0.969402,0.744754,0.755774,0.746754,0.733392,0.960815,0.733894,0.749706,0.72813,0.75559,0.754457,0.775548,0.964981,0.73719,0.961299,0.748984,0.758186,0.724999,0.743083,0.964465,0.740892,0.696979,0.73897,0.966607,0.773872,0.73491,0.96536,0.737361,1.0,0.746758,0.716796,0.721723,0.70249,0.735249,0.732154,0.728325,0.963273,0.692215,0.730093,0.759984,0.748709,0.714938,0.753595,0.959288,0.753463,0.741618,0.965635,0.727815,0.707686,0.728433,0.759306,0.732703,0.749746,0.739545,0.964189,0.725265,0.756358,0.721204,0.762502,0.96785,0.712638,0.753722,0.729441,0.753431,0.966896,0.719732,0.742005,0.715717,0.72938,0.725949,0.734834,0.732402,0.744371,0.739444,0.733306,0.726561,0.788955,0.96709,0.711562,0.750554,0.71101,0.770384
0.70522,0.963868,0.745945,0.723797,0.738467,0.716439,0.74226,0.746388,0.966118,0.708429,0.748559,0.714512,0.74675,0.721077,0.766236,0.718419,0.695494,0.961874,0.737313,0.723458,0.736847,0.701924,0.662038,0.73744,0.715898,0.706369,0.969929,0.693034,0.712925,0.752006,0.737525,0.734345,0.738199,0.712615,0.732774,0.748417,0.719059,0.719484,0.710214,0.967865,0.766902,0.747453,0.746042,0.712292,0.727737,0.720832,0.746758,1.0,0.730549,0.964464,0.963147,0.721034,0.968605,0.962048,0.734989,0.962728,0.96536,0.712936,0.730374,0.748946,0.737133,0.749108,0.724323,0.705988,0.734254,0.727761,0.967204,0.718479,0.652624,0.699934,0.726515,0.71268,0.740748,0.966125,0.751663,0.96552,0.764418,0.744287,0.969881,0.68124,0.699033,0.700153,0.74369,0.74672,0.710614,0.962438,0.961687,0.963888,0.720149,0.686773,0.695456,0.688954,0.71581,0.713508,0.704402,0.717836,0.95853,0.727186,0.958577,0.757254
0.673276,0.729178,0.733049,0.727111,0.727914,0.713951,0.714767,0.722427,0.702967,0.745347,0.729941,0.700145,0.719935,0.684165,0.95837,0.728547,0.651843,0.746092,0.760325,0.737536,0.961633,0.699089,0.661257,0.749304,0.737481,0.736763,0.740786,0.692889,0.734173,0.727699,0.714218,0.966856,0.763826,0.958815,0.958495,0.956693,0.732447,0.748515,0.729683,0.713599,0.959448,0.726066,0.954065,0.727446,0.729281,0.736695,0.716796,0.730549,1.0,0.740902,0.712834,0.713599,0.75667,0.719056,0.750508,0.730533,0.748336,0.701418,0.74626,0.711955,0.763525,0.74607,0.959412,0.700216,0.733986,0.763644,0.733798,0.714469,0.700436,0.735831,0.961164,0.727657,0.763619,0.730699,0.959857,0.707044,0.95954,0.750649,0.733858,0.699907,0.696864,0.726608,0.731709,0.713028,0.711485,0.735828,0.714075,0.733884,0.692957,0.714766,0.68336,0.689629,0.712268,0.720183,0.737419,0.740885,0.731779,0.750453,0.703935,0.952065
0.726282,0.969991,0.716607,0.708589,0.751184,0.725331,0.757705,0.705474,0.966063,0.730489,0.742356,0.714391,0.730734,0.763264,0.767659,0.702382,0.714914,0.967832,0.7475,0.683367,0.768999,0.737339,0.717163,0.750218,0.727457,0.705749,0.968381,0.71671,0.68908,0.712012,0.708853,0.758615,0.733966,0.7298,0.730502,0.759202,0.694995,0.733825,0.749633,0.963708,0.751622,0.716576,0.74747,0.704241,0.749327,0.716993,0.721723,0.964464,0.740902,1.0,0.96799,0.737844,0.972471,0.963154,0.732836,0.971037,0.970734,0.735786,0.725763,0.728525,0.704866,0.719986,0.750568,0.725196,0.728545,0.741697,0.969266,0.711837,0.739882,0.749154,0.759182,0.706031,0.750406,0.967277,0.744308,0.966848,0.771822,0.725171,0.964413,0.734277,0.722166,0.705813,0.713997,0.726628,0.679018,0.964796,0.968468,0.965031,0.754539,0.678437,0.717491,0.752188,0.691878,0.679958,0.686701,0.740832,0.963388,0.712138,0.964577,0.763687
0.743292,0.968911,0.729983,0.725128,0.723787,0.693587,0.734831,0.717087,0.973377,0.698194,0.747106,0.685554,0.737765,0.735863,0.756496,0.703424,0.69555,0.968894,0.728689,0.709329,0.751976,0.730064,0.707431,0.696167,0.716988,0.742028,0.972745,0.742988,0.702567,0.733655,0.729129,0.731552,0.718178,0.707539,0.71691,0.740176,0.686515,0.73268,0.725693,0.964054,0.755738,0.696537,0.713683,0.718086,0.718471,0.736392,0.70249,0.963147,0.712834,0.96799,1.0,0.729219,0.96502,0.966913,0.739757,0.965398,0.967763,0.735911,0.735201,0.739694,0.706012,0.723063,0.701464,0.717084,0.718586,0.728064,0.968921,0.703704,0.714236,0.705679,0.720865,0.718324,0.747182,0.965002,0.707835,0.963226,0.753211,0.722681,0.962471,0.722628,0.73299,0.712156,0.740241,0.740374,0.705582,0.969146,0.964212,0.965084,0.735788,0.707751,0.728844,0.714128,0.716604,0.683029,0.707791,0.73298,0.965912,0.735842,0.968619,0.74069
0.962923,0.72764,0.755679,0.706131,0.713362,0.970236,0.736009,0.742593,0.733648,0.723381,0.741904,0.71296,0.744117,0.957795,0.708666,0.748039,0.960212,0.741849,0.729099,0.748024,0.728121,0.966398,0.960881,0.709515,0.744998,0.73365,0.727175,0.966881,0.744957,0.74843,0.740391,0.704687,0.709757,0.699625,0.706837,0.756128,0.728121,0.746429,0.734257,0.704645,0.721266,0.697323,0.714378,0.698847,0.736379,0.743618,0.735249,0.721034,0.713599,0.737844,0.729219,1.0,0.708921,0.745254,0.73291,0.708466,0.722135,0.963054,0.739099,0.733335,0.7606,0.715859,0.777171,0.963495,0.736593,0.731495,0.732345,0.730396,0.965005,0.964854,0.704762,0.678766,0.75522,0.722054,0.714706,0.739146,0.727329,0.69535,0.733804,0.958544,0.967218,0.733675,0.702747,0.767936,0.733165,0.714657,0.694407,0.728572,0.967619,0.708736,0.959737,0.965559,0.732326,0.729202,0.730203,0.717213,0.734227,0.769437,0.713415,0.691961
0.736902,0.969819,0.74166,0.733041,0.775224,0.670423,0.735845,0.754459,0.961171,0.715214,0.741578,0.694768,0.738864,0.738676,0.780765,0.696147,0.676315,0.962943,0.740229,0.720477,0.773353,0.730726,0.692085,0.720257,0.738055,0.702437,0.968496,0.713951,0.724566,0.731006,0.725715,0.772774,0.72081,0.762485,0.726781,0.752077,0.701359,0.728648,0.722221,0.963527,0.761336,0.716637,0.758312,0.698329,0.759988,0.722114,0.732154,0.968605,0.75667,0.972471,0.96502,0.708921,1.0,0.967218,0.735659,0.966971,0.968051,0.737508,0.737782,0.739787,0.706749,0.754339,0.765224,0.721869,0.712042,0.756507,0.966704,0.691887,0.677987,0.731595,0.76709,0.708206,0.760929,0.955583,0.75137,0.962892,0.780613,0.740186,0.963069,0.711064,0.69542,0.709242,0.7445,0.724821,0.712982,0.959301,0.962284,0.963593,0.71179,0.693642,0.720464,0.691216,0.71125,0.704502,0.714901,0.707894,0.968656,0.717844,0.960326,0.757022
0.750182,0.968764,0.699443,0.738344,0.729553,0.726617,0.726402,0.721928,0.964425,0.690705,0.715701,0.690196,0.719133,0.752409,0.7331,0.692257,0.716736,0.969568,0.736873,0.739104,0.736851,0.745492,0.723285,0.733107,0.753704,0.713835,0.968634,0.749454,0.706176,0.742122,0.701141,0.737394,0.720166,0.704528,0.728089,0.763008,0.721035,0.702375,0.735887,0.965271,0.761664,0.705634,0.737081,0.714732,0.714813,0.744779,0.728325,0.962048,0.719056,0.963154,0.966913,0.745254,0.967218,1.0,0.7325,0.968085,0.967429,0.772514,0.707537,0.732044,0.723703,0.731755,0.697051,0.75492,0.70881,0.738774,0.963844,0.713611,0.744477,0.735689,0.724435,0.734069,0.749555,0.964558,0.723851,0.962989,0.732302,0.71427,0.962029,0.735108,0.760531,0.70812,0.714426,0.720964,0.692806,0.958191,0.966078,0.968495,0.755411,0.698872,0.750133,0.731244,0.730116,0.678399,0.700011,0.703981,0.965839,0.723055,0.95934,0.719694
0.727996,0.751306,0.96398,0.969816,0.964557,0.727959,0.965116,0.706042,0.72811,0.963105,0.964262,0.962623,0.966885,0.72509,0.756426,0.730706,0.720465,0.790288,0.969458,0.73156,0.756392,0.729018,0.714192,0.962639,0.744437,0.745885,0.754126,0.735831,0.727241,0.74867,0.964528,0.752408,0.967961,0.753327,0.765444,0.756199,0.743237,0.958143,0.73114,0.713979,0.743385,0.970331,0.756891,0.733169,0.960914,0.707845,0.963273,0.734989,0.750508,0.732836,0.739757,0.73291,0.735659,0.7325,1.0,0.735608,0.75337,0.742828,0.749886,0.712584,0.720134,0.966741,0.751123,0.732309,0.965793,0.695812,0.73664,0.717703,0.711689,0.723033,0.772971,0.751757,0.960149,0.747305,0.771154,0.739443,0.786057,0.966749,0.715852,0.752031,0.721142,0.69784,0.96772,0.736862,0.727065,0.745718,0.734999,0.745554,0.746333,0.716727,0.731646,0.718858,0.738422,0.723047,0.7531,0.965117,0.740227,0.744412,0.769673,0.754445
0.747064,0.97469,0.714745,0.711812,0.733195,0.699182,0.711208,0.720029,0.966394,0.700309,0.726411,0.702521,0.713503,0.74242,0.730042,0.69689,0.682156,0.968167,0.726699,0.72109,0.748801,0.71686,0.682217,0.715063,0.726452,0.716129,0.970143,0.731535,0.715101,0.75284,0.721559,0.754537,0.69686,0.709814,0.722278,0.762539,0.70619,0.705946,0.74794,0.969802,0.762067,0.672984,0.742257,0.704252,0.699324,0.727224,0.692215,0.962728,0.730533,0.971037,0.965398,0.708466,0.966971,0.968085,0.735608,1.0,0.966652,0.726821,0.707413,0.756918,0.728189,0.736034,0.707131,0.721838,0.679256,0.756033,0.96955,0.723501,0.71371,0.732575,0.748886,0.720871,0.728194,0.968885,0.728044,0.969083,0.752164,0.716077,0.973024,0.709507,0.72441,0.737667,0.689334,0.726987,0.716893,0.968542,0.965522,0.962774,0.719746,0.681224,0.696379,0.737866,0.717977,0.699121,0.731166,0.705074,0.969576,0.701762,0.967898,0.737763
0.708193,0.966706,0.744027,0.75147,0.749825,0.726076,0.744879,0.744446,0.970586,0.724898,0.747043,0.736953,0.741578,0.739267,0.750258,0.718983,0.699086,0.963472,0.739839,0.732906,0.743925,0.727193,0.69563,0.746049,0.706511,0.69177,0.970604,0.724759,0.702085,0.739279,0.74292,0.756624,0.748004,0.71591,0.727273,0.750849,0.717507,0.744023,0.725037,0.963153,0.734061,0.734048,0.747758,0.705627,0.729682,0.719356,0.730093,0.96536,0.748336,0.970734,0.967763,0.722135,0.968051,0.967429,0.75337,0.966652,1.0,0.735844,0.724655,0.752128,0.702922,0.748801,0.730725,0.705738,0.718133,0.717644,0.968747,0.716581,0.705384,0.700008,0.748513,0.726357,0.747628,0.969318,0.730054,0.967779,0.772497,0.723095,0.966821,0.692198,0.70486,0.71643,0.717794,0.728969,0.701792,0.966092,0.96742,0.967485,0.72103,0.707614,0.710278,0.715991,0.70099,0.729266,0.696422,0.719237,0.968676,0.725324,0.967429,0.731127
0.966297,0.728973,0.738249,0.721212,0.700388,0.960441,0.705136,0.732819,0.708428,0.722854,0.709955,0.71989,0.734319,0.964414,0.705985,0.758092,0.962728,0.719457,0.729906,0.756353,0.753657,0.967617,0.958291,0.732855,0.745175,0.772727,0.755194,0.955778,0.747959,0.788177,0.748964,0.704031,0.72342,0.719875,0.709059,0.729724,0.727281,0.743516,0.748236,0.755977,0.713059,0.73347,0.728942,0.714013,0.707554,0.737589,0.759984,0.712936,0.701418,0.735786,0.735911,0.963054,0.737508,0.772514,0.742828,0.726821,0.735844,1.0,0.716536,0.73638,0.744496,0.754645,0.72107,0.964594,0.746634,0.769505,0.711058,0.734268,0.964204,0.956545,0.734801,0.711622,0.773653,0.735949,0.694662,0.749971,0.715723,0.751005,0.729973,0.966913,0.959463,0.731178,0.718636,0.758063,0.748499,0.687647,0.724486,0.727343,0.95725,0.722002,0.958571,0.962297,0.739637,0.736889,0.752492,0.74769,0.748594,0.75514,0.71099,0.670928
0.721702,0.719708,0.772729,0.751228,0.754858,0.705426,0.73723,0.959075,0.721487,0.749804,0.759412,0.742654,0.752605,0.742523,0.713016,0.955241,0.716205,0.696534,0.745117,0.958875,0.757987,0.75132,0.732108,0.769819,0.962689,0.960726,0.705002,0.716761,0.957479,0.963259,0.745603,0.723755,0.731325,0.733596,0.736181,0.751288,0.950917,0.762423,0.957794,0.688916,0.702811,0.754161,0.756945,0.959983,0.758765,0.962161,0.748709,0.730374,0.74626,0.725763,0.735201,0.739099,0.737782,0.707537,0.749886,0.707413,0.724655,0.716536,1.0,0.96432,0.953281,0.737951,0.721923,0.74519,0.739835,0.964336,0.740656,0.964781,0.715935,0.728548,0.712449,0.962612,0.746329,0.745169,0.725759,0.689064,0.739546,0.75602,0.696138,0.740834,0.71289,0.957301,0.758584,0.959665,0.958393,0.714656,0.717871,0.704816,0.708422,0.961886,0.717022,0.740171,0.961508,0.957978,0.955901,0.76146,0.69076,0.965404,0.718031,0.718389
0.768749,0.730374,0.736741,0.747488,0.73811,0.74734,0.74657,0.969706,0.739811,0.734379,0.752376,0.731445,0.762774,0.790028,0.705278,0.962309,0.747631,0.739115,0.728426,0.963463,0.766947,0.771807,0.76444,0.763974,0.964549,0.962194,0.751146,0.752939,0.960946,0.968597,0.720109,0.728276,0.731507,0.711198,0.765684,0.738477,0.963539,0.74313,0.96718,0.749398,0.725521,0.727612,0.765313,0.964995,0.729092,0.964273,0.714938,0.748946,0.711955,0.728525,0.739694,0.733335,0.739787,0.732044,0.712584,0.756918,0.752128,0.73638,0.96432,1.0,0.956877,0.729685,0.709635,0.767215,0.721545,0.968626,0.752407,0.963799,0.757143,0.770483,0.693168,0.967074,0.731959,0.762326,0.72326,0.736346,0.772133,0.763548,0.743301,0.806122,0.745148,0.971631,0.718925,0.957794,0.963494,0.735613,0.750896,0.747708,0.780253,0.964159,0.775777,0.790606,0.960253,0.962943,0.967278,0.749541,0.775084,0.964796,0.733676,0.722237
0.73532,0.699297,0.728156,0.737959,0.726771,0.718403,0.730334,0.9607,0.699438,0.751022,0.763977,0.712897,0.753026,0.770213,0.723378,0.962741,0.724382,0.711184,0.739946,0.96418,0.765152,0.762198,0.742021,0.743626,0.95857,0.959191,0.718181,0.747529,0.95541,0.955964,0.725443,0.758966,0.715708,0.743234,0.748657,0.759177,0.966217,0.746076,0.964452,0.714094,0.755291,0.740577,0.744839,0.966055,0.732918,0.9619,0.753595,0.737133,0.763525,0.704866,0.706012,0.7606,0.706749,0.723703,0.720134,0.728189,0.702922,0.744496,0.953281,0.956877,1.0,0.755477,0.739399,0.722404,0.743004,0.964431,0.725763,0.96609,0.765995,0.749634,0.719228,0.964815,0.742527,0.714953,0.748995,0.688421,0.76336,0.76047,0.718907,0.737825,0.75004,0.961401,0.73048,0.960246,0.960131,0.696663,0.692654,0.711748,0.726883,0.963036,0.778603,0.734837,0.963217,0.961038,0.969025,0.747462,0.744721,0.958178,0.700662,0.718815
0.716082,0.743485,0.95846,0.967085,0.957034,0.738396,0.955495,0.741582,0.719214,0.960902,0.961948,0.96068,0.968773,0.729048,0.727034,0.721508,0.71021,0.748068,0.96525,0.752116,0.719253,0.736969,0.724758,0.961986,0.739056,0.741408,0.744959,0.764157,0.736466,0.761502,0.96401,0.728832,0.964073,0.729333,0.736834,0.705422,0.718906,0.969277,0.739343,0.710297,0.740946,0.962839,0.782551,0.744706,0.96162,0.727843,0.959288,0.749108,0.74607,0.719986,0.723063,0.715859,0.754339,0.731755,0.966741,0.736034,0.748801,0.754645,0.737951,0.729685,0.755477,1.0,0.729932,0.727092,0.961541,0.740599,0.736126,0.732293,0.704837,0.699552,0.750937,0.748628,0.970211,0.734293,0.738005,0.730703,0.764081,0.962928,0.695521,0.747615,0.713839,0.737425,0.962756,0.737523,0.711367,0.737661,0.758245,0.762514,0.724338,0.729139,0.745707,0.697749,0.739411,0.709293,0.745427,0.96635,0.728,0.727414,0.743472,0.735255
0.724041,0.74918,0.749423,0.724229,0.736935,0.743581,0.745357,0.724228,0.709792,0.720161,0.703803,0.718571,0.72665,0.727743,0.962731,0.717852,0.720763,0.721509,0.722949,0.757349,0.967723,0.726738,0.725348,0.75908,0.728464,0.728671,0.740798,0.725114,0.739934,0.757829,0.724818,0.961117,0.761472,0.964803,0.961507,0.962971,0.740331,0.732921,0.731311,0.695185,0.958645,0.742116,0.960644,0.745319,0.75092,0.743905,0.753463,0.724323,0.959412,0.750568,0.701464,0.777171,0.765224,0.697051,0.751123,0.707131,0.730725,0.72107,0.721923,0.709635,0.739399,0.729932,1.0,0.782258,0.748922,0.757268,0.712369,0.726467,0.745682,0.721049,0.972427,0.715175,0.752992,0.735522,0.961711,0.726887,0.958259,0.752861,0.712631,0.734618,0.744712,0.703466,0.765643,0.766222,0.713311,0.702866,0.703402,0.726472,0.754062,0.750224,0.731735,0.743183,0.729142,0.754875,0.742576,0.735865,0.729665,0.742429,0.726473,0.963886
0.969355,0.737437,0.756755,0.733063,0.733262,0.971933,0.722664,0.767889,0.73076,0.72717,0.732725,0.708314,0.751939,0.962954,0.744722,0.739387,0.958628,0.738958,0.754447,0.756002,0.75347,0.969499,0.959561,0.763377,0.740138,0.764887,0.724333,0.968113,0.745142,0.773472,0.730077,0.724362,0.729889,0.735217,0.749472,0.762499,0.740951,0.755068,0.733266,0.726824,0.735873,0.722077,0.770081,0.73156,0.702676,0.744775,0.741618,0.705988,0.700216,0.725196,0.717084,0.963495,0.721869,0.75492,0.732309,0.721838,0.705738,0.964594,0.74519,0.767215,0.722404,0.727092,0.782258,1.0,0.742138,0.757457,0.715692,0.722726,0.966506,0.961296,0.769265,0.752651,0.745747,0.730474,0.740518,0.746571,0.747834,0.739862,0.726159,0.964315,0.962889,0.734155,0.725038,0.777223,0.725971,0.697032,0.701766,0.714194,0.963724,0.736177,0.971101,0.969013,0.743177,0.745015,0.729789,0.721084,0.738761,0.75923,0.73635,0.717606
0.718373,0.731653,0.965933,0.964414,0.965809,0.737961,0.96612,0.741989,0.7264,0.9614,0.965617,0.967897,0.965438,0.737248,0.752323,0.721798,0.735347,0.732954,0.967432,0.743587,0.736891,0.738183,0.734129,0.965599,0.727687,0.773825,0.725428,0.742007,0.741164,0.735274,0.964995,0.7345,0.96232,0.735358,0.731153,0.721638,0.695801,0.957161,0.748645,0.695108,0.721771,0.963456,0.749465,0.758202,0.963156,0.719746,0.965635,0.734254,0.733986,0.728545,0.718586,0.736593,0.712042,0.70881,0.965793,0.679256,0.718133,0.746634,0.739835,0.721545,0.743004,0.961541,0.748922,0.742138,1.0,0.722411,0.728523,0.707226,0.732145,0.707887,0.750377,0.752642,0.967697,0.744025,0.74566,0.711302,0.734984,0.971704,0.709547,0.752168,0.704322,0.737741,0.970438,0.708949,0.724124,0.708396,0.730028,0.722858,0.701993,0.769534,0.751185,0.703233,0.738541,0.721879,0.766464,0.967873,0.708278,0.733271,0.728717,0.735528
0.735892,0.713222,0.711841,0.731419,0.735578,0.751197,0.721402,0.961524,0.731032,0.728766,0.730666,0.719837,0.72683,0.789881,0.741008,0.964415,0.725003,0.718506,0.721076,0.971558,0.779667,0.752024,0.754287,0.760252,0.967853,0.968247,0.732948,0.747855,0.966967,0.969778,0.704903,0.743221,0.712846,0.763886,0.76332,0.771235,0.961386,0.747337,0.965637,0.724647,0.740311,0.703745,0.764451,0.964944,0.72625,0.965929,0.727815,0.727761,0.763644,0.741697,0.728064,0.731495,0.756507,0.738774,0.695812,0.756033,0.717644,0.769505,0.964336,0.968626,0.964431,0.740599,0.757268,0.757457,0.722411,1.0,0.729611,0.965414,0.764065,0.746817,0.750449,0.970125,0.72475,0.751774,0.742288,0.746467,0.769869,0.723584,0.723676,0.768617,0.757181,0.965597,0.72,0.969319,0.965056,0.728087,0.74853,0.720282,0.76342,0.967,0.761986,0.746195,0.968047,0.97148,0.967835,0.721603,0.741971,0.967534,0.724587,0.739186
0.736146,0.971338,0.745154,0.771001,0.746606,0.728559,0.723722,0.732286,0.970927,0.718988,0.760641,0.703713,0.74192,0.7253,0.743395,0.712309,0.720412,0.971878,0.760891,0.710964,0.75828,0.714817,0.691406,0.736265,0.737408,0.700529,0.969716,0.717986,0.715444,0.737657,0.734821,0.742308,0.726685,0.732611,0.733525,0.76892,0.7004,0.759545,0.73039,0.970635,0.727846,0.709961,0.736485,0.709621,0.71981,0.727743,0.707686,0.967204,0.733798,0.969266,0.968921,0.732345,0.966704,0.963844,0.73664,0.96955,0.968747,0.711058,0.740656,0.752407,0.725763,0.736126,0.712369,0.715692,0.728523,0.729611,1.0,0.695269,0.692308,0.711049,0.731362,0.719408,0.74942,0.960603,0.718083,0.96736,0.768636,0.73179,0.966001,0.715521,0.705919,0.703893,0.746228,0.725172,0.727384,0.963993,0.970157,0.971661,0.717706,0.700608,0.700078,0.709187,0.705225,0.692634,0.704228,0.727001,0.970252,0.712565,0.963709,0.740935
0.725935,0.714989,0.722892,0.707181,0.722413,0.72959,0.711791,0.962577,0.701295,0.725943,0.708888,0.717455,0.722993,0.727624,0.707468,0.957429,0.699274,0.708598,0.706549,0.962427,0.744357,0.748731,0.733203,0.730178,0.967532,0.966132,0.700334,0.708969,0.962374,0.969229,0.716477,0.710099,0.697683,0.727519,0.727368,0.71255,0.968191,0.717325,0.969916,0.699288,0.71886,0.694633,0.75436,0.969477,0.689066,0.961922,0.728433,0.718479,0.714469,0.711837,0.703704,0.730396,0.691887,0.713611,0.717703,0.723501,0.716581,0.734268,0.964781,0.963799,0.96609,0.732293,0.726467,0.722726,0.707226,0.965414,0.695269,1.0,0.754702,0.743668,0.706615,0.968503,0.713881,0.72635,0.71771,0.67501,0.73431,0.727442,0.728459,0.740135,0.722645,0.958057,0.730411,0.963456,0.961412,0.702199,0.724207,0.716024,0.744504,0.967084,0.748315,0.722689,0.966051,0.961903,0.963678,0.723472,0.682067,0.966099,0.702917,0.71069
0.964887,0.728495,0.711031,0.739052,0.712648,0.967179,0.715232,0.725848,0.753395,0.708823,0.723382,0.704576,0.74714,0.962716,0.71632,0.77065,0.960392,0.735259,0.702923,0.75161,0.714344,0.961874,0.969234,0.712318,0.748327,0.77684,0.704413,0.969854,0.736187,0.77418,0.705081,0.725866,0.703052,0.699128,0.704535,0.743223,0.748373,0.741338,0.772025,0.717127,0.733085,0.687439,0.715405,0.74353,0.695293,0.762567,0.759306,0.652624,0.700436,0.739882,0.714236,0.965005,0.677987,0.744477,0.711689,0.71371,0.705384,0.964204,0.715935,0.757143,0.765995,0.704837,0.745682,0.966506,0.732145,0.764065,0.692308,0.754702,1.0,0.966643,0.721265,0.739937,0.760757,0.703226,0.679895,0.730677,0.7076,0.713492,0.681247,0.961442,0.964005,0.759932,0.694255,0.768757,0.733251,0.674947,0.71856,0.695552,0.966005,0.733609,0.965691,0.962552,0.73598,0.741745,0.766765,0.726758,0.725276,0.767439,0.698995,0.700185
0.96824,0.700109,0.728301,0.699638,0.714474,0.962425,0.700764,0.734743,0.699621,0.706804,0.716201,0.694134,0.712485,0.961731,0.710923,0.753548,0.961175,0.739918,0.70621,0.758677,0.727477,0.964802,0.965485,0.731105,0.719343,0.762812,0.738041,0.960216,0.748362,0.765367,0.71324,0.699467,0.717361,0.716461,0.697588,0.724135,0.74798,0.719893,0.777446,0.743511,0.715168,0.688252,0.721019,0.72476,0.69352,0.754777,0.732703,0.699934,0.735831,0.749154,0.705679,0.964854,0.731595,0.735689,0.723033,0.732575,0.700008,0.956545,0.728548,0.770483,0.749634,0.699552,0.721049,0.961296,0.707887,0.746817,0.711049,0.743668,0.966643,1.0,0.72379,0.710165,0.75028,0.696849,0.704448,0.729956,0.693124,0.702342,0.7252,0.965151,0.962046,0.754583,0.70056,0.771191,0.734151,0.716779,0.706372,0.714531,0.960763,0.72836,0.964573,0.963502,0.764911,0.723749,0.732882,0.729661,0.73352,0.745009,0.700938,0.6705
0.678196,0.751257,0.754748,0.754412,0.768285,0.730876,0.743626,0.682884,0.737645,0.767558,0.739401,0.755609,0.736853,0.742714,0.960535,0.707557,0.705625,0.743782,0.74409,0.698472,0.965653,0.733088,0.711492,0.757133,0.709797,0.713105,0.73481,0.738344,0.697944,0.741515,0.745371,0.95831,0.785206,0.961764,0.95804,0.964858,0.723993,0.747805,0.717132,0.754463,0.956755,0.763501,0.963575,0.736825,0.734864,0.687578,0.749746,0.726515,0.961164,0.759182,0.720865,0.704762,0.76709,0.724435,0.772971,0.748886,0.748513,0.734801,0.712449,0.693168,0.719228,0.750937,0.972427,0.769265,0.750377,0.750449,0.731362,0.706615,0.721265,0.72379,1.0,0.726105,0.778505,0.726367,0.96654,0.720737,0.955758,0.766405,0.745912,0.731725,0.702782,0.693518,0.760049,0.731615,0.686332,0.730525,0.715379,0.699847,0.75006,0.730388,0.712586,0.727609,0.693387,0.730585,0.744618,0.748746,0.732418,0.71988,0.749125,0.960714
0.701312,0.71225,0.764302,0.752561,0.752631,0.710726,0.741988,0.968428,0.717785,0.775337,0.784269,0.74713,0.770693,0.743173,0.730909,0.964525,0.727792,0.690239,0.750312,0.960697,0.757524,0.739571,0.726415,0.767847,0.961987,0.97124,0.716288,0.744257,0.965252,0.970946,0.735661,0.741027,0.731051,0.721798,0.740516,0.745631,0.964221,0.7497,0.96487,0.681609,0.721546,0.730057,0.725999,0.968764,0.748566,0.960309,0.739545,0.71268,0.727657,0.706031,0.718324,0.678766,0.708206,0.734069,0.751757,0.720871,0.726357,0.711622,0.962612,0.967074,0.964815,0.748628,0.715175,0.752651,0.752642,0.970125,0.719408,0.968503,0.739937,0.710165,0.726105,1.0,0.739118,0.721893,0.725379,0.707687,0.762138,0.770203,0.683364,0.745656,0.7266,0.96284,0.746289,0.961459,0.957347,0.729472,0.730342,0.704178,0.725299,0.96545,0.73971,0.743804,0.962745,0.956433,0.961408,0.778695,0.730908,0.964121,0.724364,0.734949
0.729015,0.750218,0.969385,0.968646,0.962552,0.751151,0.966292,0.694931,0.744142,0.965797,0.966513,0.96436,0.968927,0.753232,0.73972,0.746261,0.762115,0.749241,0.965451,0.747991,0.745612,0.760691,0.726916,0.967202,0.742113,0.782792,0.750875,0.782831,0.744523,0.765262,0.96519,0.751257,0.959464,0.765725,0.778583,0.748462,0.716241,0.96184,0.744763,0.716243,0.751381,0.969624,0.770351,0.743668,0.970296,0.718806,0.964189,0.740748,0.763619,0.750406,0.747182,0.75522,0.760929,0.749555,0.960149,0.728194,0.747628,0.773653,0.746329,0.731959,0.742527,0.970211,0.752992,0.745747,0.967697,0.72475,0.74942,0.713881,0.760757,0.75028,0.778505,0.739118,1.0,0.742134,0.76197,0.749982,0.769344,0.963132,0.72136,0.767974,0.748976,0.717096,0.959784,0.737227,0.724843,0.747229,0.758551,0.766009,0.760673,0.735506,0.769101,0.722945,0.754624,0.720071,0.766698,0.971075,0.719393,0.759484,0.74899,0.738172
0.687094,0.967566,0.749086,0.721272,0.739382,0.729924,0.714687,0.720115,0.9644,0.71136,0.739121,0.716,0.737197,0.710199,0.757932,0.729059,0.680462,0.96449,0.750122,0.733822,0.756485,0.713567,0.688148,0.728317,0.736268,0.730994,0.970664,0.70295,0.735103,0.723648,0.721189,0.753345,0.72534,0.712033,0.723027,0.77269,0.712923,0.721591,0.714023,0.968422,0.770009,0.711092,0.727922,0.745078,0.722949,0.75351,0.725265,0.966125,0.730699,0.967277,0.965002,0.722054,0.955583,0.964558,0.747305,0.968885,0.969318,0.735949,0.745169,0.762326,0.714953,0.734293,0.735522,0.730474,0.744025,0.751774,0.960603,0.72635,0.703226,0.696849,0.726367,0.721893,0.742134,1.0,0.745593,0.969336,0.759858,0.72491,0.965184,0.684606,0.698342,0.730106,0.710381,0.721934,0.707253,0.966416,0.969487,0.968252,0.703988,0.705473,0.705482,0.691984,0.713297,0.708951,0.718213,0.719401,0.969935,0.732652,0.961705,0.753763
0.71821,0.761441,0.774094,0.715429,0.726817,0.699973,0.729323,0.717451,0.713236,0.756304,0.714407,0.727294,0.747819,0.695059,0.963704,0.719639,0.679871,0.732614,0.768364,0.732204,0.967304,0.679075,0.654164,0.772182,0.736989,0.701984,0.720329,0.703901,0.721201,0.745525,0.753978,0.962469,0.761321,0.962839,0.964364,0.965321,0.736161,0.733269,0.716192,0.73446,0.966022,0.753079,0.962831,0.737606,0.748332,0.731363,0.756358,0.751663,0.959857,0.744308,0.707835,0.714706,0.75137,0.723851,0.771154,0.728044,0.730054,0.694662,0.725759,0.72326,0.748995,0.738005,0.961711,0.740518,0.74566,0.742288,0.718083,0.71771,0.679895,0.704448,0.96654,0.725379,0.76197,0.745593,1.0,0.719681,0.964392,0.7767,0.735476,0.71369,0.69584,0.733703,0.768043,0.724315,0.707485,0.724765,0.714309,0.736063,0.692762,0.724447,0.701395,0.716258,0.697431,0.727071,0.750766,0.751074,0.716879,0.728352,0.713467,0.960154
0.71567,0.964637,0.743072,0.738539,0.759616,0.742428,0.746111,0.714318,0.965408,0.707493,0.759491,0.715156,0.739458,0.763546,0.748049,0.695773,0.708863,0.966714,0.738625,0.716504,0.747433,0.714391,0.72842,0.729337,0.707453,0.695819,0.970161,0.749364,0.721649,0.726498,0.755573,0.740695,0.717185,0.740745,0.711249,0.756449,0.683428,0.730769,0.702284,0.96246,0.765138,0.714103,0.742106,0.681496,0.721375,0.741659,0.721204,0.96552,0.707044,0.966848,0.963226,0.739146,0.962892,0.962989,0.739443,0.969083,0.967779,0.749971,0.689064,0.736346,0.688421,0.730703,0.726887,0.746571,0.711302,0.746467,0.96736,0.67501,0.730677,0.729956,0.720737,0.707687,0.749982,0.969336,0.719681,1.0,0.752965,0.731404,0.963787,0.723404,0.736104,0.683104,0.744022,0.716203,0.675005,0.961905,0.966817,0.96886,0.732688,0.665368,0.730418,0.722503,0.695909,0.688562,0.705037,0.733974,0.962195,0.704911,0.963047,0.748658
0.671801,0.762882,0.759027,0.751896,0.726806,0.716059,0.755578,0.756074,0.737081,0.752419,0.743343,0.730728,0.78236,0.701849,0.963774,0.721932,0.676266,0.753454,0.738876,0.763475,0.963112,0.710641,0.666693,0.776766,0.756118,0.721082,0.769035,0.716605,0.764789,0.73828,0.753511,0.960463,0.7758,0.961004,0.957536,0.961459,0.763853,0.775611,0.761883,0.738986,0.960061,0.750259,0.965033,0.753045,0.764412,0.736744,0.762502,0.764418,0.95954,0.771822,0.753211,0.727329,0.780613,0.732302,0.786057,0.752164,0.772497,0.715723,0.739546,0.772133,0.76336,0.764081,0.958259,0.747834,0.734984,0.769869,0.768636,0.73431,0.7076,0.693124,0.955758,0.762138,0.769344,0.759858,0.964392,0.752965,1.0,0.764673,0.743334,0.67949,0.704761,0.749399,0.774259,0.75001,0.739998,0.729581,0.709507,0.750994,0.707555,0.773744,0.682423,0.697124,0.758354,0.770522,0.774879,0.758108,0.72981,0.733321,0.756471,0.95776
0.721598,0.737791,0.965187,0.969565,0.95621,0.716664,0.964342,0.753365,0.735095,0.958956,0.963348,0.959191,0.96714,0.696773,0.774551,0.735893,0.741366,0.752896,0.967956,0.758849,0.749234,0.705736,0.709297,0.966235,0.749788,0.741928,0.724808,0.752682,0.742421,0.777072,0.963512,0.763745,0.967862,0.737002,0.765899,0.715726,0.725543,0.968804,0.771709,0.689735,0.738324,0.963432,0.757785,0.763146,0.964313,0.742153,0.96785,0.744287,0.750649,0.725171,0.722681,0.69535,0.740186,0.71427,0.966749,0.716077,0.723095,0.751005,0.75602,0.763548,0.76047,0.962928,0.752861,0.739862,0.971704,0.723584,0.73179,0.727442,0.713492,0.702342,0.766405,0.770203,0.963132,0.72491,0.7767,0.731404,0.764673,1.0,0.716927,0.728918,0.714051,0.743776,0.969532,0.747692,0.744937,0.714975,0.717335,0.750171,0.736394,0.749454,0.713339,0.727424,0.739822,0.744615,0.776127,0.969994,0.726037,0.769743,0.737702,0.762517
0.699281,0.973032,0.706883,0.7109,0.699591,0.702449,0.728199,0.694321,0.964262,0.683888,0.717257,0.691048,0.709805,0.736655,0.752458,0.697976,0.702554,0.962933,0.72006,0.688165,0.751443,0.708243,0.694421,0.726545,0.721451,0.683446,0.973479,0.716139,0.703823,0.731186,0.679994,0.738009,0.703175,0.718138,0.723475,0.751973,0.710706,0.69344,0.718795,0.959089,0.745718,0.673509,0.748561,0.697441,0.712198,0.707913,0.712638,0.969881,0.733858,0.964413,0.962471,0.733804,0.963069,0.962029,0.715852,0.973024,0.966821,0.729973,0.696138,0.743301,0.718907,0.695521,0.712631,0.726159,0.709547,0.723676,0.966001,0.728459,0.681247,0.7252,0.745912,0.683364,0.72136,0.965184,0.735476,0.963787,0.743334,0.716927,1.0,0.716691,0.725939,0.712895,0.724931,0.717097,0.700149,0.961705,0.964219,0.967745,0.728349,0.677738,0.69343,0.704628,0.706709,0.715281,0.702554,0.714001,0.969844,0.709764,0.959899,0.746694
0.969004,0.714818,0.74588,0.709756,0.727916,0.967716,0.739299,0.741451,0.726575,0.715833,0.74585,0.705449,0.744301,0.964441,0.714434,0.755195,0.960502,0.72862,0.726239,0.757106,0.73526,0.969567,0.961366,0.757333,0.733428,0.786579,0.720179,0.966774,0.763719,0.786546,0.742629,0.713067,0.719781,0.69881,0.691708,0.7118,0.770624,0.72835,0.774148,0.744469,0.682528,0.726475,0.72359,0.724638,0.727068,0.76359,0.753722,0.68124,0.699907,0.734277,0.722628,0.958544,0.711064,0.735108,0.752031,0.709507,0.692198,0.966913,0.740834,0.806122,0.737825,0.747615,0.734618,0.964315,0.752168,0.768617,0.715521,0.740135,0.961442,0.965151,0.731725,0.745656,0.767974,0.684606,0.71369,0.723404,0.67949,0.728918,0.716691,1.0,0.963983,0.762555,0.715001,0.769465,0.753655,0.686736,0.694812,0.702501,0.966208,0.757724,0.969309,0.962303,0.767581,0.755953,0.750968,0.713316,0.756981,0.779989,0.69455,0.676106
0.967451,0.720914,0.738869,0.711033,0.695713,0.964304,0.700227,0.733215,0.703442,0.700226,0.693428,0.668411,0.731675,0.963932,0.704128,0.736698,0.963545,0.704926,0.712721,0.747152,0.699789,0.964867,0.959938,0.740499,0.710893,0.753632,0.721813,0.963387,0.724144,0.760326,0.709731,0.701,0.690878,0.695274,0.693014,0.714592,0.726114,0.718007,0.754382,0.703864,0.695079,0.684644,0.725443,0.719313,0.723828,0.748894,0.729441,0.699033,0.696864,0.722166,0.73299,0.967218,0.69542,0.760531,0.721142,0.72441,0.70486,0.959463,0.71289,0.745148,0.75004,0.713839,0.744712,0.962889,0.704322,0.757181,0.705919,0.722645,0.964005,0.962046,0.702782,0.7266,0.748976,0.698342,0.69584,0.736104,0.704761,0.714051,0.725939,0.963983,1.0,0.727112,0.703088,0.767774,0.750791,0.680725,0.741474,0.697441,0.962227,0.720193,0.965532,0.961309,0.736479,0.72473,0.70957,0.718451,0.74625,0.755848,0.699119,0.686428
0.744833,0.695807,0.744825,0.717518,0.72687,0.722484,0.724742,0.965994,0.716579,0.723235,0.737945,0.725547,0.744922,0.777931,0.711242,0.958678,0.731922,0.720265,0.712731,0.959249,0.740084,0.761009,0.745228,0.745457,0.964866,0.95449,0.716916,0.730558,0.961334,0.967005,0.720366,0.698421,0.743373,0.745713,0.743976,0.730605,0.96494,0.724746,0.96517,0.705243,0.702394,0.731927,0.72964,0.962475,0.724491,0.962088,0.753431,0.700153,0.726608,0.705813,0.712156,0.733675,0.709242,0.70812,0.69784,0.737667,0.71643,0.731178,0.957301,0.971631,0.961401,0.737425,0.703466,0.734155,0.737741,0.965597,0.703893,0.958057,0.759932,0.754583,0.693518,0.96284,0.717096,0.730106,0.733703,0.683104,0.749399,0.743776,0.712895,0.762555,0.727112,1.0,0.712759,0.966645,0.963369,0.727655,0.727675,0.718114,0.746505,0.962808,0.744236,0.778948,0.965496,0.961254,0.962352,0.757597,0.708223,0.964071,0.718741,0.693049
0.71507,0.7294,0.964779,0.960668,0.968407,0.716939,0.970379,0.724978,0.715601,0.96792,0.965699,0.958056,0.966405,0.717427,0.768465,0.717339,0.727501,0.718612,0.96834,0.751186,0.755117,0.740425,0.687249,0.965126,0.740258,0.724436,0.735103,0.729273,0.748234,0.750154,0.967545,0.761631,0.96377,0.764247,0.754329,0.739939,0.719394,0.96444,0.747902,0.710576,0.724254,0.971172,0.745793,0.736648,0.967021,0.733584,0.966896,0.74369,0.731709,0.713997,0.740241,0.702747,0.7445,0.714426,0.96772,0.689334,0.717794,0.718636,0.758584,0.718925,0.73048,0.962756,0.765643,0.725038,0.970438,0.72,0.746228,0.730411,0.694255,0.70056,0.760049,0.746289,0.959784,0.710381,0.768043,0.744022,0.774259,0.969532,0.724931,0.715001,0.703088,0.712759,1.0,0.690702,0.756646,0.739073,0.718707,0.741501,0.710753,0.738356,0.715377,0.708742,0.722934,0.727379,0.757666,0.968403,0.71646,0.733878,0.743898,0.764519
0.760495,0.701511,0.712978,0.750614,0.742646,0.777799,0.734218,0.964171,0.702069,0.730828,0.743459,0.734311,0.746532,0.79285,0.72531,0.964528,0.745378,0.730967,0.738022,0.965814,0.753994,0.768185,0.744557,0.759187,0.962696,0.966263,0.721264,0.763434,0.963776,0.96809,0.74979,0.739901,0.728101,0.761445,0.719928,0.730048,0.956778,0.750799,0.97336,0.702018,0.740059,0.709635,0.728009,0.964971,0.744128,0.96544,0.719732,0.74672,0.713028,0.726628,0.740374,0.767936,0.724821,0.720964,0.736862,0.726987,0.728969,0.758063,0.959665,0.957794,0.960246,0.737523,0.766222,0.777223,0.708949,0.969319,0.725172,0.963456,0.768757,0.771191,0.731615,0.961459,0.737227,0.721934,0.724315,0.716203,0.75001,0.747692,0.717097,0.769465,0.767774,0.966645,0.690702,1.0,0.961358,0.725195,0.73949,0.704758,0.779025,0.967701,0.753287,0.767876,0.961641,0.964615,0.965746,0.759745,0.727322,0.963369,0.711787,0.729074
0.753685,0.720473,0.744155,0.738641,0.728875,0.737931,0.720094,0.958899,0.690286,0.732024,0.747687,0.737559,0.758274,0.758001,0.727238,0.965596,0.755324,0.719265,0.70468,0.964369,0.726988,0.75187,0.738632,0.731394,0.964986,0.958383,0.692908,0.737856,0.95632,0.963866,0.72716,0.709153,0.721757,0.716746,0.729776,0.710331,0.962339,0.74852,0.960588,0.684226,0.707463,0.745401,0.727203,0.958062,0.726764,0.960265,0.742005,0.710614,0.711485,0.679018,0.705582,0.733165,0.712982,0.692806,0.727065,0.716893,0.701792,0.748499,0.958393,0.963494,0.960131,0.711367,0.713311,0.725971,0.724124,0.965056,0.727384,0.961412,0.733251,0.734151,0.686332,0.957347,0.724843,0.707253,0.707485,0.675005,0.739998,0.744937,0.700149,0.753655,0.750791,0.963369,0.756646,0.961358,1.0,0.688546,0.694476,0.694103,0.751526,0.957307,0.769606,0.778635,0.965715,0.965644,0.961643,0.745434,0.709744,0.962154,0.718124,0.706558
0.674191,0.965034,0.738503,0.717411,0.720665,0.717829,0.743765,0.72254,0.961648,0.717928,0.746843,0.734624,0.737774,0.721327,0.733032,0.722829,0.692289,0.958089,0.736509,0.735189,0.75192,0.711415,0.667517,0.710235,0.703206,0.700888,0.963921,0.676694,0.719164,0.736709,0.744773,0.717433,0.753986,0.717085,0.71319,0.767426,0.710846,0.737318,0.727476,0.962615,0.754692,0.726463,0.732404,0.706177,0.743787,0.748535,0.715717,0.962438,0.735828,0.964796,0.969146,0.714657,0.959301,0.958191,0.745718,0.968542,0.966092,0.687647,0.714656,0.735613,0.696663,0.737661,0.702866,0.697032,0.708396,0.728087,0.963993,0.702199,0.674947,0.716779,0.730525,0.729472,0.747229,0.966416,0.724765,0.961905,0.729581,0.714975,0.961705,0.686736,0.680725,0.727655,0.739073,0.725195,0.688546,1.0,0.964661,0.964159,0.694632,0.694309,0.7046,0.703049,0.708544,0.679257,0.730543,0.74284,0.968327,0.711667,0.956807,0.741436
0.715547,0.969461,0.726779,0.743795,0.74295,0.724217,0.738195,0.72434,0.965127,0.70839,0.730403,0.707092,0.715836,0.741612,0.735261,0.715054,0.667214,0.966836,0.736211,0.709733,0.720816,0.711475,0.68638,0.744511,0.752926,0.73085,0.96169,0.719707,0.711592,0.747767,0.72337,0.721979,0.703202,0.685586,0.718703,0.751503,0.738453,0.706194,0.735622,0.961465,0.741121,0.741136,0.722811,0.730099,0.714612,0.719973,0.72938,0.961687,0.714075,0.968468,0.964212,0.694407,0.962284,0.966078,0.734999,0.965522,0.96742,0.724486,0.717871,0.750896,0.692654,0.758245,0.703402,0.701766,0.730028,0.74853,0.970157,0.724207,0.71856,0.706372,0.715379,0.730342,0.758551,0.969487,0.714309,0.966817,0.709507,0.717335,0.964219,0.694812,0.741474,0.727675,0.718707,0.73949,0.694476,0.964661,1.0,0.965048,0.718691,0.687345,0.712707,0.704502,0.730639,0.715243,0.723707,0.730432,0.964598,0.734327,0.959994,0.724114
0.72085,0.970165,0.760499,0.774006,0.764836,0.714403,0.759475,0.713704,0.959666,0.737697,0.767393,0.722499,0.752524,0.721242,0.762793,0.726395,0.703091,0.966216,0.746832,0.710784,0.753685,0.706497,0.707694,0.745371,0.739742,0.70734,0.969011,0.709341,0.71697,0.700724,0.749922,0.743737,0.733504,0.734799,0.713915,0.770482,0.711549,0.730808,0.715861,0.966649,0.735642,0.735865,0.746735,0.70523,0.755358,0.73455,0.725949,0.963888,0.733884,0.965031,0.965084,0.728572,0.963593,0.968495,0.745554,0.962774,0.967485,0.727343,0.704816,0.747708,0.711748,0.762514,0.726472,0.714194,0.722858,0.720282,0.971661,0.716024,0.695552,0.714531,0.699847,0.704178,0.766009,0.968252,0.736063,0.96886,0.750994,0.750171,0.967745,0.702501,0.697441,0.718114,0.741501,0.704758,0.694103,0.964159,0.965048,1.0,0.711473,0.649012,0.689266,0.701712,0.698254,0.694659,0.709402,0.751919,0.96155,0.71818,0.959725,0.723446
0.963405,0.718216,0.745581,0.698806,0.714824,0.966778,0.737157,0.741436,0.716901,0.708766,0.762255,0.699924,0.745626,0.960715,0.707771,0.76645,0.958269,0.729726,0.754594,0.759754,0.723303,0.967049,0.960264,0.745386,0.724383,0.788647,0.731775,0.967336,0.737643,0.801895,0.748888,0.721223,0.722006,0.718833,0.707928,0.735587,0.743978,0.7292,0.749954,0.730779,0.711591,0.720081,0.722537,0.723211,0.722634,0.758827,0.734834,0.720149,0.692957,0.754539,0.735788,0.967619,0.71179,0.755411,0.746333,0.719746,0.72103,0.95725,0.708422,0.780253,0.726883,0.724338,0.754062,0.963724,0.701993,0.76342,0.717706,0.744504,0.966005,0.960763,0.75006,0.725299,0.760673,0.703988,0.692762,0.732688,0.707555,0.736394,0.728349,0.966208,0.962227,0.746505,0.710753,0.779025,0.751526,0.694632,0.718691,0.711473,1.0,0.737779,0.963701,0.967922,0.735129,0.751561,0.719551,0.707478,0.755204,0.746311,0.736419,0.705294
0.720513,0.685205,0.692904,0.743702,0.741268,0.722489,0.718573,0.967489,0.683963,0.742901,0.745249,0.72505,0.745648,0.741428,0.735456,0.958579,0.721206,0.684901,0.744173,0.966709,0.756831,0.749542,0.726666,0.771321,0.964668,0.958291,0.685134,0.712517,0.963019,0.968169,0.733889,0.716113,0.720608,0.744142,0.69405,0.722055,0.958005,0.737767,0.968015,0.662112,0.745128,0.732729,0.735586,0.965476,0.713859,0.960765,0.732402,0.686773,0.714766,0.678437,0.707751,0.708736,0.693642,0.698872,0.716727,0.681224,0.707614,0.722002,0.961886,0.964159,0.963036,0.729139,0.750224,0.736177,0.769534,0.967,0.700608,0.967084,0.733609,0.72836,0.730388,0.96545,0.735506,0.705473,0.724447,0.665368,0.773744,0.749454,0.677738,0.757724,0.720193,0.962808,0.738356,0.967701,0.957307,0.694309,0.687345,0.649012,0.737779,1.0,0.753573,0.738611,0.962799,0.959584,0.968281,0.751389,0.664094,0.965348,0.691796,0.726055
0.966329,0.718258,0.744191,0.733049,0.733669,0.96599,0.742196,0.746741,0.675457,0.735362,0.721183,0.711799,0.738048,0.967295,0.71814,0.74778,0.961661,0.721826,0.726699,0.761733,0.728738,0.968856,0.964332,0.726575,0.740353,0.782928,0.703086,0.967459,0.758716,0.79273,0.748103,0.699609,0.734691,0.709924,0.6783,0.7392,0.759779,0.737655,0.76686,0.709046,0.708182,0.729695,0.739741,0.766826,0.73166,0.755849,0.744371,0.695456,0.68336,0.717491,0.728844,0.959737,0.720464,0.750133,0.731646,0.696379,0.710278,0.958571,0.717022,0.775777,0.778603,0.745707,0.731735,0.971101,0.751185,0.761986,0.700078,0.748315,0.965691,0.964573,0.712586,0.73971,0.769101,0.705482,0.701395,0.730418,0.682423,0.713339,0.69343,0.969309,0.965532,0.744236,0.715377,0.753287,0.769606,0.7046,0.712707,0.689266,0.963701,0.753573,1.0,0.963622,0.776846,0.741222,0.75108,0.739877,0.75017,0.752616,0.741957,0.683989
0.967069,0.734268,0.720488,0.696789,0.711605,0.964774,0.708638,0.73038,0.729973,0.717093,0.736121,0.698156,0.716307,0.962291,0.712705,0.72529,0.959505,0.742976,0.718806,0.728208,0.707271,0.96443,0.964054,0.727623,0.732489,0.769217,0.714171,0.95813,0.75296,0.784031,0.712402,0.700855,0.731778,0.72041,0.705772,0.739094,0.760875,0.714946,0.749027,0.725496,0.701549,0.712677,0.704867,0.738196,0.702508,0.73679,0.739444,0.688954,0.689629,0.752188,0.714128,0.965559,0.691216,0.731244,0.718858,0.737866,0.715991,0.962297,0.740171,0.790606,0.734837,0.697749,0.743183,0.969013,0.703233,0.746195,0.709187,0.722689,0.962552,0.963502,0.727609,0.743804,0.722945,0.691984,0.716258,0.722503,0.697124,0.727424,0.704628,0.962303,0.961309,0.778948,0.708742,0.767876,0.778635,0.703049,0.704502,0.701712,0.967922,0.738611,0.963622,1.0,0.752575,0.75151,0.751685,0.755145,0.740265,0.761489,0.749514,0.685186
0.740661,0.713156,0.741391,0.720582,0.713136,0.740374,0.735056,0.969773,0.71285,0.734056,0.742739,0.725721,0.733547,0.769207,0.707188,0.960248,0.724617,0.690147,0.703748,0.958459,0.737523,0.745889,0.726819,0.739011,0.968055,0.9693,0.704785,0.73011,0.962862,0.963863,0.73282,0.716515,0.721878,0.744877,0.722496,0.730669,0.959482,0.749489,0.961634,0.700992,0.70114,0.709837,0.740992,0.967487,0.725044,0.961578,0.733306,0.71581,0.712268,0.691878,0.716604,0.732326,0.71125,0.730116,0.738422,0.717977,0.70099,0.739637,0.961508,0.960253,0.963217,0.739411,0.729142,0.743177,0.738541,0.968047,0.705225,0.966051,0.73598,0.764911,0.693387,0.962745,0.754624,0.713297,0.697431,0.695909,0.758354,0.739822,0.706709,0.767581,0.736479,0.965496,0.722934,0.961641,0.965715,0.708544,0.730639,0.698254,0.735129,0.962799,0.776846,0.752575,1.0,0.964879,0.964706,0.753133,0.705145,0.965581,0.695094,0.683909
0.728499,0.727208,0.74507,0.713107,0.718748,0.712282,0.736838,0.962872,0.708332,0.722892,0.728089,0.701764,0.724935,0.764408,0.724479,0.96676,0.703354,0.702375,0.735298,0.95739,0.75832,0.751705,0.740568,0.76241,0.963963,0.956136,0.69572,0.764696,0.967589,0.963122,0.713835,0.730993,0.699252,0.732984,0.75408,0.738086,0.968915,0.739421,0.961251,0.686031,0.760409,0.691426,0.761225,0.956279,0.720868,0.961835,0.726561,0.713508,0.720183,0.679958,0.683029,0.729202,0.704502,0.678399,0.723047,0.699121,0.729266,0.736889,0.957978,0.962943,0.961038,0.709293,0.754875,0.745015,0.721879,0.97148,0.692634,0.961903,0.741745,0.723749,0.730585,0.956433,0.720071,0.708951,0.727071,0.688562,0.770522,0.744615,0.715281,0.755953,0.72473,0.961254,0.727379,0.964615,0.965644,0.679257,0.715243,0.694659,0.751561,0.959584,0.741222,0.75151,0.964879,1.0,0.96975,0.733022,0.702144,0.967338,0.704468,0.739783
0.712571,0.69799,0.726203,0.762063,0.742721,0.710149,0.749877,0.968181,0.71059,0.757791,0.762612,0.759702,0.761611,0.755586,0.714433,0.95942,0.725153,0.707058,0.753453,0.96638,0.774198,0.747243,0.729956,0.777691,0.96467,0.96249,0.680034,0.726092,0.964956,0.964841,0.749711,0.716699,0.716279,0.753778,0.728467,0.736824,0.965167,0.784416,0.962906,0.678736,0.729984,0.754565,0.775008,0.961708,0.757022,0.963223,0.788955,0.704402,0.737419,0.686701,0.707791,0.730203,0.714901,0.700011,0.7531,0.731166,0.696422,0.752492,0.955901,0.967278,0.969025,0.745427,0.742576,0.729789,0.766464,0.967835,0.704228,0.963678,0.766765,0.732882,0.744618,0.961408,0.766698,0.718213,0.750766,0.705037,0.774879,0.776127,0.702554,0.750968,0.70957,0.962352,0.757666,0.965746,0.961643,0.730543,0.723707,0.709402,0.719551,0.968281,0.75108,0.751685,0.964706,0.96975,1.0,0.774786,0.717891,0.963507,0.717414,0.735414
0.711882,0.742242,0.960864,0.969729,0.967382,0.726381,0.965169,0.759307,0.702117,0.966049,0.968617,0.969022,0.964006,0.70785,0.754863,0.73314,0.743423,0.739789,0.968117,0.759939,0.751929,0.724233,0.704781,0.964921,0.781804,0.759117,0.744382,0.768705,0.75415,0.791115,0.969152,0.751387,0.970388,0.746111,0.760381,0.753224,0.722464,0.966974,0.765153,0.707518,0.73262,0.966073,0.750425,0.759863,0.968655,0.742114,0.96709,0.717836,0.740885,0.740832,0.73298,0.717213,0.707894,0.703981,0.965117,0.705074,0.719237,0.74769,0.76146,0.749541,0.747462,0.96635,0.735865,0.721084,0.967873,0.721603,0.727001,0.723472,0.726758,0.729661,0.748746,0.778695,0.971075,0.719401,0.751074,0.733974,0.758108,0.969994,0.714001,0.713316,0.718451,0.757597,0.968403,0.759745,0.745434,0.74284,0.730432,0.751919,0.707478,0.751389,0.739877,0.755145,0.753133,0.733022,0.774786,1.0,0.736511,0.754164,0.735852,0.755076
0.738404,0.967582,0.73295,0.704741,0.714878,0.703291,0.740557,0.719043,0.961813,0.70756,0.737016,0.693461,0.738919,0.760911,0.724176,0.708686,0.714681,0.963101,0.728331,0.709615,0.729256,0.74372,0.714274,0.733913,0.716193,0.701063,0.967541,0.738041,0.688793,0.736096,0.741404,0.740259,0.709578,0.69463,0.715639,0.757688,0.714218,0.717096,0.716917,0.967393,0.732288,0.699201,0.730309,0.689776,0.72537,0.734236,0.711562,0.95853,0.731779,0.963388,0.965912,0.734227,0.968656,0.965839,0.740227,0.969576,0.968676,0.748594,0.69076,0.775084,0.744721,0.728,0.729665,0.738761,0.708278,0.741971,0.970252,0.682067,0.725276,0.73352,0.732418,0.730908,0.719393,0.969935,0.716879,0.962195,0.72981,0.726037,0.969844,0.756981,0.74625,0.708223,0.71646,0.727322,0.709744,0.968327,0.964598,0.96155,0.755204,0.664094,0.75017,0.740265,0.705145,0.702144,0.717891,0.736511,1.0,0.67361,0.959595,0.758859
0.752921,0.709125,0.726275,0.758601,0.746477,0.742633,0.742179,0.959079,0.726813,0.733507,0.73809,0.751052,0.762481,0.780026,0.72566,0.965404,0.739414,0.719086,0.741403,0.9648,0.767312,0.775235,0.761021,0.781399,0.968861,0.964798,0.716468,0.742438,0.961686,0.968456,0.711744,0.723614,0.714628,0.712024,0.712506,0.732762,0.960376,0.764959,0.966107,0.712712,0.731165,0.719116,0.757361,0.961775,0.727203,0.967711,0.750554,0.727186,0.750453,0.712138,0.735842,0.769437,0.717844,0.723055,0.744412,0.701762,0.725324,0.75514,0.965404,0.964796,0.958178,0.727414,0.742429,0.75923,0.733271,0.967534,0.712565,0.966099,0.767439,0.745009,0.71988,0.964121,0.759484,0.732652,0.728352,0.704911,0.733321,0.769743,0.709764,0.779989,0.755848,0.964071,0.733878,0.963369,0.962154,0.711667,0.734327,0.71818,0.746311,0.965348,0.752616,0.761489,0.965581,0.967338,0.963507,0.754164,0.67361,1.0,0.710821,0.702796
0.700979,0.96641,0.740446,0.723983,0.754241,0.735882,0.744206,0.71667,0.956623,0.721464,0.74713,0.73522,0.740031,0.751002,0.76077,0.70287,0.697398,0.963076,0.745336,0.716296,0.762333,0.728185,0.694128,0.744836,0.711452,0.718214,0.96981,0.752935,0.722612,0.730384,0.733912,0.729714,0.718531,0.732651,0.735297,0.755425,0.712785,0.715338,0.722559,0.964057,0.758749,0.731113,0.769595,0.732545,0.744351,0.751807,0.71101,0.958577,0.703935,0.964577,0.968619,0.713415,0.960326,0.95934,0.769673,0.967898,0.967429,0.71099,0.718031,0.733676,0.700662,0.743472,0.726473,0.73635,0.728717,0.724587,0.963709,0.702917,0.698995,0.700938,0.749125,0.724364,0.74899,0.961705,0.713467,0.963047,0.756471,0.737702,0.959899,0.69455,0.699119,0.718741,0.743898,0.711787,0.718124,0.956807,0.959994,0.959725,0.736419,0.691796,0.741957,0.749514,0.695094,0.704468,0.717414,0.735852,0.959595,0.710821,1.0,0.757478
0.687911,0.742882,0.740486,0.741793,0.739672,0.697026,0.761862,0.720685,0.741727,0.758876,0.737426,0.721247,0.75151,0.660477,0.965087,0.687063,0.684464,0.734118,0.763411,0.719934,0.967089,0.675761,0.650472,0.732058,0.721237,0.708207,0.725454,0.697969,0.697287,0.720719,0.728158,0.964459,0.766862,0.95314,0.963789,0.958093,0.718277,0.739887,0.734002,0.74048,0.960765,0.764777,0.957621,0.742191,0.749395,0.718491,0.770384,0.757254,0.952065,0.763687,0.74069,0.691961,0.757022,0.719694,0.754445,0.737763,0.731127,0.670928,0.718389,0.722237,0.718815,0.735255,0.963886,0.717606,0.735528,0.739186,0.740935,0.71069,0.700185,0.6705,0.960714,0.734949,0.738172,0.753763,0.960154,0.748658,0.95776,0.762517,0.746694,0.676106,0.686428,0.693049,0.764519,0.729074,0.706558,0.741436,0.724114,0.723446,0.705294,0.726055,0.683989,0.685186,0.683909,0.739783,0.735414,0.755076,0.758859,0.702796,0.757478,1.0
